-- phpMyAdmin SQL Dump
-- version 5.2.1
-- https://www.phpmyadmin.net/
--
-- Host: 127.0.0.1:3306
-- Tempo de geração: 16/10/2023 às 05:57
-- Versão do servidor: 10.6.14-MariaDB-cll-lve
-- Versão do PHP: 7.2.34

SET SQL_MODE = "NO_AUTO_VALUE_ON_ZERO";
START TRANSACTION;
SET time_zone = "+00:00";


/*!40101 SET @OLD_CHARACTER_SET_CLIENT=@@CHARACTER_SET_CLIENT */;
/*!40101 SET @OLD_CHARACTER_SET_RESULTS=@@CHARACTER_SET_RESULTS */;
/*!40101 SET @OLD_COLLATION_CONNECTION=@@COLLATION_CONNECTION */;
/*!40101 SET NAMES utf8mb4 */;

--
-- Banco de dados: `u294225326_secitec`
--

-- --------------------------------------------------------

--
-- Estrutura para tabela `log_tb_evento_usuario`
--

CREATE TABLE `log_tb_evento_usuario` (
  `id` int(11) NOT NULL,
  `nome_evento` varchar(255) NOT NULL,
  `nome_usuario` varchar(255) NOT NULL,
  `tipo_operacao` varchar(15) NOT NULL,
  `data_hora` datetime NOT NULL
) ENGINE=InnoDB DEFAULT CHARSET=utf8mb4 COLLATE=utf8mb4_unicode_ci;

--
-- Despejando dados para a tabela `log_tb_evento_usuario`
--

INSERT INTO `log_tb_evento_usuario` (`id`, `nome_evento`, `nome_usuario`, `tipo_operacao`, `data_hora`) VALUES
(5, 'Ponte de palitos', 'Carlos Henrique Teixeira De Carvalho Neto', 'CADASTRAR', '2023-10-07 00:28:36'),
(6, 'Encontro de egressos do curso Técnico Integrado em Biotecnologia do Câmpus Formosa do IFG.', 'Carlos Henrique Teixeira De Carvalho Neto', 'CADASTRAR', '2023-10-07 00:28:48'),
(7, 'Usos e plantas medicinais e saberes tradicionais sobre doença e cura na umbanda', 'Maycon Douglas', 'DESCADASTRAR', '2023-10-07 13:54:47'),
(8, 'Mesa redonda: O professor e seu lugar no mundo', 'Maycon Douglas', 'DESCADASTRAR', '2023-10-07 13:54:52'),
(9, 'Hackathon', 'Maycon Douglas', 'DESCADASTRAR', '2023-10-07 13:56:37'),
(10, 'Olhando de Perto: O Sistema Imune Revelado🔍', 'Pedro Henrique Barros de Oliveira Ribeiro', 'CADASTRAR', '2023-10-07 14:02:36'),
(11, 'Olhando de Perto: O Sistema Imune Revelado🔍', 'Pedro Henrique Barros de Oliveira Ribeiro', 'DESCADASTRAR', '2023-10-07 14:02:48'),
(12, 'Hackathon', 'Pedro Henrique Barros de Oliveira Ribeiro', 'CADASTRAR', '2023-10-07 14:02:57'),
(13, 'Hackathon', 'Pedro Henrique Barros de Oliveira Ribeiro', 'DESCADASTRAR', '2023-10-07 14:03:08'),
(14, 'Olhando de Perto: O Sistema Imune Revelado🔍', 'Maycon Douglas', 'CADASTRAR', '2023-10-07 14:28:28'),
(15, 'Olhando de Perto: O Sistema Imune Revelado🔍', 'Maycon Douglas', 'DESCADASTRAR', '2023-10-07 14:28:42'),
(16, 'Olhando de Perto: O Sistema Imune Revelado🔍', 'Maycon Douglas', 'CADASTRAR', '2023-10-07 15:11:29'),
(17, 'Olhando de Perto: O Sistema Imune Revelado🔍', 'Maycon Douglas', 'DESCADASTRAR', '2023-10-07 15:11:34'),
(18, 'Hackathon', 'Maycon Douglas', 'CADASTRAR', '2023-10-07 15:11:39'),
(19, 'Hackathon', 'Maycon Douglas', 'DESCADASTRAR', '2023-10-07 15:11:41'),
(20, 'INTELIGÊNCIA ARTIFICIAL: Segurança Digital e Inovação Tecnológica:  Preparando Alunos para o Futuro', 'Carlos Henrique Teixeira De Carvalho Neto', 'CADASTRAR', '2023-10-08 17:30:52'),
(21, 'Hackathon', 'Erik Takeshi Miura', 'CADASTRAR', '2023-10-08 17:43:20'),
(22, 'Sítios arqueológicos de Formosa-GO: pegadas para a preservação,  educação patrimonial e formação de identidades', 'Erik Takeshi Miura', 'CADASTRAR', '2023-10-08 17:43:30'),
(23, 'Compartilhando sabores e saberes: importância da agricultura familiar para a sociedade moderna', 'Erik Takeshi Miura', 'CADASTRAR', '2023-10-08 17:43:33'),
(24, 'Compartilhando sabores e saberes: importância da agricultura familiar para a sociedade moderna', 'Erik Takeshi Miura', 'DESCADASTRAR', '2023-10-08 17:43:35'),
(25, 'Oficina: Impressão 3D e Braille', 'Erik Takeshi Miura', 'CADASTRAR', '2023-10-08 17:43:37'),
(26, 'Grafites antirracistas no campus', 'Erik Takeshi Miura', 'CADASTRAR', '2023-10-08 17:43:39'),
(27, 'Grafites antirracistas no campus', 'Erik Takeshi Miura', 'DESCADASTRAR', '2023-10-08 17:44:03'),
(28, 'Hackathon', 'Maycon Douglas', 'CADASTRAR', '2023-10-08 18:05:46'),
(29, 'Hackathon', 'Maycon Douglas', 'DESCADASTRAR', '2023-10-08 18:05:47'),
(30, 'Hackathon', 'Maycon Douglas', 'CADASTRAR', '2023-10-08 18:32:27'),
(31, 'Hackathon', 'Maycon Douglas', 'DESCADASTRAR', '2023-10-08 20:47:43'),
(32, 'Hackathon', 'Maycon Douglas', 'CADASTRAR', '2023-10-08 20:49:06'),
(33, 'Hackathon', 'Maycon Douglas', 'DESCADASTRAR', '2023-10-08 20:51:38'),
(34, 'Exposição: O Fantástico Mundo da Zoologia', 'Maycon Douglas', 'CADASTRAR', '2023-10-08 20:51:40'),
(35, 'Exposição: O Fantástico Mundo da Zoologia', 'Maycon Douglas', 'DESCADASTRAR', '2023-10-08 20:51:41'),
(36, 'Hackathon', 'Maycon Douglas', 'CADASTRAR', '2023-10-08 20:54:02'),
(37, 'Hackathon', 'Maycon Douglas', 'DESCADASTRAR', '2023-10-08 21:21:16'),
(38, 'Hackathon', 'Maycon Douglas', 'CADASTRAR', '2023-10-08 22:23:10'),
(39, 'Técnicas e ensaios in vitro aplicados a pesquisa científica.', 'Juciely Sivirino Vieira', 'CADASTRAR', '2023-10-08 22:36:16'),
(40, 'Introdução à biotecnologia dos biofármacos', 'Juciely Sivirino Vieira', 'CADASTRAR', '2023-10-08 22:41:10'),
(41, 'Compartilhando sabores e saberes: importância da agricultura familiar para a sociedade moderna', 'Juciely Sivirino Vieira', 'CADASTRAR', '2023-10-08 22:41:36'),
(42, 'Importância social, econômica e farmacológica de alcaloides encontrados em plantas endêmicas do Cerrado.', 'Anna Clara Matias Saraiva', 'CADASTRAR', '2023-10-08 22:57:55'),
(43, 'SICT', 'Anna Clara Matias Saraiva', 'CADASTRAR', '2023-10-08 22:59:30'),
(44, 'Palestra: Contenção Físico-químico de Serpentes', 'Anna Clara Matias Saraiva', 'CADASTRAR', '2023-10-08 22:59:41'),
(45, 'Banco de sementes: uma das soluções para o desenvolvimento sustentável', 'Anna Clara Matias Saraiva', 'CADASTRAR', '2023-10-08 22:59:53'),
(46, 'Hackathon', 'Maycon Douglas', 'DESCADASTRAR', '2023-10-08 23:28:31'),
(47, 'Hackathon', 'Maycon Douglas', 'CADASTRAR', '2023-10-09 00:24:33'),
(48, 'Exposição: O Fantástico Mundo da Zoologia', 'Naiara Pereira de Andrade', 'CADASTRAR', '2023-10-09 01:08:20'),
(49, 'Exposição: O Fantástico Mundo da Zoologia', 'Naiara Pereira de Andrade', 'DESCADASTRAR', '2023-10-09 01:10:45'),
(50, 'Importância social, econômica e farmacológica de alcaloides encontrados em plantas endêmicas do Cerrado.', 'Naiara Pereira de Andrade', 'CADASTRAR', '2023-10-09 01:11:02'),
(51, 'Oficina de Fotografia Artesanal', 'Victor Gonçalves nora', 'CADASTRAR', '2023-10-09 01:26:33'),
(52, 'Exposição: Competição de Catapultas', 'Victor Gonçalves nora', 'CADASTRAR', '2023-10-09 01:27:26'),
(53, 'Exposição: Competição de Catapultas', 'Victor Gonçalves nora', 'DESCADASTRAR', '2023-10-09 01:27:38'),
(54, 'Grafites antirracistas no campus', 'Victor Gonçalves nora', 'CADASTRAR', '2023-10-09 01:27:40'),
(55, 'Introdução à biotecnologia dos biofármacos', 'Victor Gonçalves nora', 'CADASTRAR', '2023-10-09 01:30:17'),
(56, 'Oficina: Impressão 3D e Braille', 'Victor Gonçalves nora', 'CADASTRAR', '2023-10-09 01:31:01'),
(57, 'I Encontro de Egressos do Curso Técnico em Saneamento do Câmpus Formosa do IFG', 'Victor Gonçalves nora', 'CADASTRAR', '2023-10-09 01:31:31'),
(58, 'Banco de sementes: uma das soluções para o desenvolvimento sustentável', 'Victor Gonçalves nora', 'CADASTRAR', '2023-10-09 01:32:34'),
(59, 'GIT e GitHub na prática!', 'Carlos Henrique Teixeira De Carvalho Neto', 'CADASTRAR', '2023-10-09 01:56:36'),
(60, 'Oficina de Fotografia Artesanal', 'Mariany Chaves Lessa', 'CADASTRAR', '2023-10-09 02:04:09'),
(61, 'Apresentação sobre drones e Escola Espacial Zenit Aerospace', 'Mariany Chaves Lessa', 'CADASTRAR', '2023-10-09 02:05:19'),
(62, 'Exposição: Competição de Catapultas', 'Mariany Chaves Lessa', 'CADASTRAR', '2023-10-09 02:05:23'),
(63, 'Oficina de tinta de terra', 'Mariany Chaves Lessa', 'CADASTRAR', '2023-10-09 02:05:40'),
(64, 'Oficina de tinta de terra', 'Mariany Chaves Lessa', 'DESCADASTRAR', '2023-10-09 02:07:15'),
(65, 'GIT e GitHub na prática!', 'Mariany Chaves Lessa', 'CADASTRAR', '2023-10-09 02:07:33'),
(66, 'INTELIGÊNCIA ARTIFICIAL: Segurança Digital e Inovação Tecnológica:  Preparando Alunos para o Futuro', 'Mariany Chaves Lessa', 'CADASTRAR', '2023-10-09 02:07:42'),
(67, 'Modelagem 3d com Tinkercad', 'Mariany Chaves Lessa', 'CADASTRAR', '2023-10-09 02:08:37'),
(68, 'Oficina de tipagem sanguínea', 'Mariany Chaves Lessa', 'CADASTRAR', '2023-10-09 02:11:21'),
(69, 'Mulheres na Ciência e Tecnologia', 'Mariany Chaves Lessa', 'CADASTRAR', '2023-10-09 02:13:03'),
(70, 'Introdução ao PH da água e captação de água da chuva', 'Mariany Chaves Lessa', 'CADASTRAR', '2023-10-09 02:13:57'),
(71, 'Sistema de Hidroponias', 'Mariany Chaves Lessa', 'CADASTRAR', '2023-10-09 02:15:48'),
(72, 'INTELIGÊNCIA ARTIFICIAL: Segurança Digital e Inovação Tecnológica:  Preparando Alunos para o Futuro', 'Rogério Alan Bezerra', 'CADASTRAR', '2023-10-09 15:13:44'),
(73, 'GIT e GitHub na prática!', 'Rogério Alan Bezerra', 'CADASTRAR', '2023-10-09 15:14:14'),
(74, 'Oficina: Impressão 3D e Braille', 'Rogério Alan Bezerra', 'CADASTRAR', '2023-10-09 15:15:19'),
(75, 'Desvendando os Segredos das Nuvens: Uma Jornada pela AWS', 'Rogério Alan Bezerra', 'CADASTRAR', '2023-10-09 15:16:23'),
(76, 'EVENTO TESTE', 'Carlos Henrique Teixeira De Carvalho Neto', 'CADASTRAR', '2023-10-09 16:09:33'),
(77, 'EVENTO TESTE', 'Erik Takeshi Miura', 'CADASTRAR', '2023-10-09 16:11:17'),
(78, 'Curso de FTOOL', 'Samuel Neves Guimarães', 'CADASTRAR', '2023-10-09 16:20:47'),
(79, 'Apresentação sobre drones e Escola Espacial Zenit Aerospace', 'Samuel Neves Guimarães', 'CADASTRAR', '2023-10-09 16:21:26'),
(80, 'Exposição: Competição de Catapultas', 'Samuel Neves Guimarães', 'CADASTRAR', '2023-10-09 16:21:46'),
(81, 'Oficina de tinta de terra', 'Samuel Neves Guimarães', 'CADASTRAR', '2023-10-09 16:22:58'),
(82, 'Aplicação de produtos de argamassa  e impermeabilizantes no ramo da Engenharia Civil', 'Samuel Neves Guimarães', 'CADASTRAR', '2023-10-09 16:24:16'),
(83, 'Oficina de tinta de terra', 'Samuel Neves Guimarães', 'DESCADASTRAR', '2023-10-09 16:30:08'),
(84, 'EVENTO TESTE', 'Maycon Douglas', 'CADASTRAR', '2023-10-09 17:03:47'),
(85, 'Usos e plantas medicinais e saberes tradicionais sobre doença e cura na umbanda', 'Vitória Moreira de Melo', 'CADASTRAR', '2023-10-09 17:06:50'),
(86, 'IFG em Cores: Composição dos desenhos', 'Vitória Moreira de Melo', 'CADASTRAR', '2023-10-09 17:08:21'),
(87, 'IFG em Cores: Pintura dos Muros', 'Vitória Moreira de Melo', 'CADASTRAR', '2023-10-09 17:09:38'),
(88, 'EVENTO TESTE', 'Juliano Marcelo Schaurich Júnior', 'CADASTRAR', '2023-10-09 17:11:36'),
(89, 'Oficina de Fotografia Artesanal', 'Ana Paula Lessa e Souza', 'CADASTRAR', '2023-10-09 17:11:36'),
(90, 'EVENTO TESTE', 'Pedro Henrique Barros de Oliveira Ribeiro', 'CADASTRAR', '2023-10-09 17:12:00'),
(91, 'IFG em Cores: Composição dos desenhos', 'Ana Paula Lessa e Souza', 'CADASTRAR', '2023-10-09 17:14:16'),
(92, 'Origamis', 'Vitória Moreira de Melo', 'CADASTRAR', '2023-10-09 17:14:17'),
(93, 'Origamis', 'Ana Paula Lessa e Souza', 'CADASTRAR', '2023-10-09 17:15:02'),
(94, 'Oficina de tinta de terra', 'Ana Paula Lessa e Souza', 'CADASTRAR', '2023-10-09 17:15:13'),
(95, 'IFG em Cores: Pintura dos Muros', 'Ana Paula Lessa e Souza', 'CADASTRAR', '2023-10-09 17:16:40'),
(96, 'Oficina de Construção de Telescópios', 'Ana Paula Lessa e Souza', 'CADASTRAR', '2023-10-09 17:20:27'),
(97, 'Oficina de Construção de Telescópios', 'Ana Paula Lessa e Souza', 'DESCADASTRAR', '2023-10-09 17:27:32'),
(98, 'Sistema de Hidroponias', 'Ana Paula Lessa e Souza', 'CADASTRAR', '2023-10-09 17:28:08'),
(99, 'Oficina de Fotografia Artesanal', 'Emily Camila de Jesus Costa', 'CADASTRAR', '2023-10-09 17:29:21'),
(100, 'EVENTO TESTE', 'Anderson Alves Pereira Junior', 'CADASTRAR', '2023-10-09 18:05:15'),
(101, 'EVENTO TESTE', 'Afranio Furtado de Oliveira Neto', 'CADASTRAR', '2023-10-09 18:20:59'),
(102, 'EVENTO TESTE', 'Hendrew Neres de Queiroz', 'CADASTRAR', '2023-10-09 18:23:29'),
(103, 'Hackathon', 'Cairo Henrique Vaz Cotrim', 'CADASTRAR', '2023-10-09 19:04:29'),
(104, 'Hackathon', 'Cairo Henrique Vaz Cotrim', 'DESCADASTRAR', '2023-10-09 19:04:30'),
(105, 'Palestra: Contenção Físico-químico de Serpentes', 'Marina Conceição dos Santos Moreira', 'CADASTRAR', '2023-10-09 19:28:45'),
(106, 'Usos e plantas medicinais e saberes tradicionais sobre doença e cura na umbanda', 'MARIA EDUARDA FERREIRA MAGALHÃES', 'CADASTRAR', '2023-10-09 19:29:58'),
(107, 'Oficina de Fotografia Artesanal', 'MARIA EDUARDA FERREIRA MAGALHÃES', 'CADASTRAR', '2023-10-09 19:33:27'),
(108, 'Oficina de Fotografia Artesanal', 'MARIA EDUARDA FERREIRA MAGALHÃES', 'DESCADASTRAR', '2023-10-09 19:33:32'),
(109, 'Oficina de Fotografia Artesanal', 'MARIA EDUARDA FERREIRA MAGALHÃES', 'CADASTRAR', '2023-10-09 19:33:33'),
(110, 'IFG em Cores: Composição dos desenhos', 'Aitana D\'arc', 'CADASTRAR', '2023-10-09 19:42:33'),
(111, 'Oficina: Impressão 3D e Braille', 'Aitana D\'arc', 'CADASTRAR', '2023-10-09 19:42:51'),
(112, 'Oficina: Montando o Cubo Mágico', 'Aitana D\'arc', 'CADASTRAR', '2023-10-09 19:43:23'),
(113, 'Exposição: O Fantástico Mundo da Zoologia', 'Aitana D\'arc', 'CADASTRAR', '2023-10-09 19:43:41'),
(114, 'Exposição: O Fantástico Mundo da Zoologia', 'Aitana D\'arc', 'DESCADASTRAR', '2023-10-09 19:43:43'),
(115, 'Oficina de Fotografia Artesanal', 'Aitana D\'arc', 'CADASTRAR', '2023-10-09 19:43:50'),
(116, 'GIT e GitHub na prática!', 'Aitana D\'arc', 'CADASTRAR', '2023-10-09 19:44:41'),
(117, 'Introdução à biotecnologia dos biofármacos', 'Aitana D\'arc', 'CADASTRAR', '2023-10-09 19:44:59'),
(118, 'Introdução à biotecnologia dos biofármacos', 'Aitana D\'arc', 'DESCADASTRAR', '2023-10-09 19:45:00'),
(119, 'Mulheres na Ciência e Tecnologia', 'Aitana D\'arc', 'CADASTRAR', '2023-10-09 19:45:28'),
(120, 'Palestra: Contenção Físico-químico de Serpentes', 'Aitana D\'arc', 'CADASTRAR', '2023-10-09 19:45:49'),
(121, 'Mulheres na Ciência e Tecnologia', 'Aitana D\'arc', 'DESCADASTRAR', '2023-10-09 19:46:46'),
(122, 'Palestra: Contenção Físico-químico de Serpentes', 'Aitana D\'arc', 'DESCADASTRAR', '2023-10-09 19:47:30'),
(123, 'Introdução ao PH da água e captação de água da chuva', 'Aitana D\'arc', 'CADASTRAR', '2023-10-09 19:47:48'),
(124, 'Mulheres na Ciência e Tecnologia', 'MARIA EDUARDA FERREIRA MAGALHÃES', 'CADASTRAR', '2023-10-09 19:48:21'),
(125, 'Hackathon', 'Paulo Henrique Pereira de Deus', 'CADASTRAR', '2023-10-09 20:20:56'),
(126, 'Oficina de Fotografia Artesanal', 'Renata Feitosa Filgueira do Nascimento', 'CADASTRAR', '2023-10-09 20:39:27'),
(127, 'Exposição: Competição de Catapultas', 'Renata Feitosa Filgueira do Nascimento', 'CADASTRAR', '2023-10-09 20:40:00'),
(128, 'Exposição: Competição de Catapultas', 'Renata Feitosa Filgueira do Nascimento', 'DESCADASTRAR', '2023-10-09 20:40:10'),
(129, 'Grafites antirracistas no campus', 'Renata Feitosa Filgueira do Nascimento', 'CADASTRAR', '2023-10-09 20:40:46'),
(130, 'Grafites antirracistas no campus', 'Renata Feitosa Filgueira do Nascimento', 'CADASTRAR', '2023-10-09 20:43:13'),
(131, 'Oficina de Fotografia Artesanal', 'Thais dos Reis Schliewe', 'CADASTRAR', '2023-10-09 20:51:08'),
(132, 'Apresentação sobre drones e Escola Espacial Zenit Aerospace', 'Thais dos Reis Schliewe', 'CADASTRAR', '2023-10-09 20:54:54'),
(133, 'Exposição: Competição de Catapultas', 'Thais dos Reis Schliewe', 'CADASTRAR', '2023-10-09 20:54:55'),
(134, 'Compartilhando sabores e saberes: importância da agricultura familiar para a sociedade moderna', 'Andressa Carvalho Vieira da Silva', 'CADASTRAR', '2023-10-09 21:06:37'),
(135, 'Grafites antirracistas no campus', 'Renata Feitosa Filgueira do Nascimento', 'DESCADASTRAR', '2023-10-09 21:07:56'),
(136, 'Grafites antirracistas no campus', 'Renata Feitosa Filgueira do Nascimento', 'CADASTRAR', '2023-10-09 21:07:57'),
(137, 'Oficina de tinta de terra', 'Renata Feitosa Filgueira do Nascimento', 'CADASTRAR', '2023-10-09 21:08:32'),
(138, 'Oficina de tinta de terra', 'Juciely Sivirino Vieira', 'CADASTRAR', '2023-10-09 21:09:08'),
(139, 'INTELIGÊNCIA ARTIFICIAL: Segurança Digital e Inovação Tecnológica:  Preparando Alunos para o Futuro', 'Thais dos Reis Schliewe', 'CADASTRAR', '2023-10-09 21:09:31'),
(140, 'Oficina de tipagem sanguínea', 'Renata Feitosa Filgueira do Nascimento', 'CADASTRAR', '2023-10-09 21:09:34'),
(141, 'Modelagem 3d com Tinkercad', 'Thais dos Reis Schliewe', 'CADASTRAR', '2023-10-09 21:10:49'),
(142, 'Modelagem 3d com Tinkercad', 'Thais dos Reis Schliewe', 'DESCADASTRAR', '2023-10-09 21:11:04'),
(143, 'Trabalho Preventivo às ISTs e suas manifestações na saúde bucal', 'Thais dos Reis Schliewe', 'CADASTRAR', '2023-10-09 21:11:05'),
(144, 'Trabalho Preventivo às ISTs e suas manifestações na saúde bucal', 'Thais dos Reis Schliewe', 'DESCADASTRAR', '2023-10-09 21:11:15'),
(145, 'Modelagem 3d com Tinkercad', 'Thais dos Reis Schliewe', 'CADASTRAR', '2023-10-09 21:11:18'),
(146, 'Banco de sementes: uma das soluções para o desenvolvimento sustentável', 'Renata Feitosa Filgueira do Nascimento', 'CADASTRAR', '2023-10-09 21:12:14'),
(147, 'Oficina: Impressão 3D e Braille', 'Thais dos Reis Schliewe', 'CADASTRAR', '2023-10-09 21:15:26'),
(148, 'Grafites antirracistas no campus', 'Thais dos Reis Schliewe', 'CADASTRAR', '2023-10-09 21:16:16'),
(149, 'Palestra: Contenção Físico-químico de Serpentes', 'Thais dos Reis Schliewe', 'CADASTRAR', '2023-10-09 21:17:01'),
(150, 'Oficina: Montando o Cubo Mágico', 'Thais dos Reis Schliewe', 'CADASTRAR', '2023-10-09 21:17:21'),
(151, 'Aplicação de produtos de argamassa  e impermeabilizantes no ramo da Engenharia Civil', 'Loami gomes de moura', 'CADASTRAR', '2023-10-09 21:18:06'),
(152, 'Aplicação de produtos de argamassa  e impermeabilizantes no ramo da Engenharia Civil', 'Loami gomes de moura', 'DESCADASTRAR', '2023-10-09 21:18:08'),
(153, 'Aplicação de produtos de argamassa  e impermeabilizantes no ramo da Engenharia Civil', 'Loami gomes de moura', 'CADASTRAR', '2023-10-09 21:18:09'),
(154, 'Aplicação de produtos de argamassa  e impermeabilizantes no ramo da Engenharia Civil', 'Loami gomes de moura', 'DESCADASTRAR', '2023-10-09 21:18:10'),
(155, 'Aplicação de produtos de argamassa  e impermeabilizantes no ramo da Engenharia Civil', 'Loami gomes de moura', 'CADASTRAR', '2023-10-09 21:18:10'),
(156, 'Aplicação de produtos de argamassa  e impermeabilizantes no ramo da Engenharia Civil', 'Loami gomes de moura', 'DESCADASTRAR', '2023-10-09 21:18:11'),
(157, 'Aplicação de produtos de argamassa  e impermeabilizantes no ramo da Engenharia Civil', 'Loami gomes de moura', 'CADASTRAR', '2023-10-09 21:18:12'),
(158, 'Aplicação de produtos de argamassa  e impermeabilizantes no ramo da Engenharia Civil', 'Loami gomes de moura', 'DESCADASTRAR', '2023-10-09 21:18:13'),
(159, 'Aplicação de produtos de argamassa  e impermeabilizantes no ramo da Engenharia Civil', 'Loami gomes de moura', 'CADASTRAR', '2023-10-09 21:18:14'),
(160, 'Aplicação de produtos de argamassa  e impermeabilizantes no ramo da Engenharia Civil', 'Loami gomes de moura', 'DESCADASTRAR', '2023-10-09 21:18:15'),
(161, 'Aplicação de produtos de argamassa  e impermeabilizantes no ramo da Engenharia Civil', 'Loami gomes de moura', 'CADASTRAR', '2023-10-09 21:18:18'),
(162, 'Aplicação de produtos de argamassa  e impermeabilizantes no ramo da Engenharia Civil', 'Loami gomes de moura', 'DESCADASTRAR', '2023-10-09 21:18:19'),
(163, 'Aplicação de produtos de argamassa  e impermeabilizantes no ramo da Engenharia Civil', 'Loami gomes de moura', 'CADASTRAR', '2023-10-09 21:18:22'),
(164, 'Aplicação de produtos de argamassa  e impermeabilizantes no ramo da Engenharia Civil', 'Loami gomes de moura', 'DESCADASTRAR', '2023-10-09 21:18:23'),
(165, 'Aplicação de produtos de argamassa  e impermeabilizantes no ramo da Engenharia Civil', 'Loami gomes de moura', 'CADASTRAR', '2023-10-09 21:18:24'),
(166, 'Aplicação de produtos de argamassa  e impermeabilizantes no ramo da Engenharia Civil', 'Loami gomes de moura', 'DESCADASTRAR', '2023-10-09 21:18:24'),
(167, 'Aplicação de produtos de argamassa  e impermeabilizantes no ramo da Engenharia Civil', 'Loami gomes de moura', 'CADASTRAR', '2023-10-09 21:18:27'),
(168, 'Usos e plantas medicinais e saberes tradicionais sobre doença e cura na umbanda', 'alice Yasmim santos dourado', 'CADASTRAR', '2023-10-09 21:19:18'),
(169, 'Técnicas e ensaios in vitro aplicados a pesquisa científica.', 'Andressa Carvalho Vieira da Silva', 'CADASTRAR', '2023-10-09 21:21:40'),
(170, 'Oficina de Fotografia Artesanal', 'Flávia Espindula Dos Santos', 'CADASTRAR', '2023-10-09 21:23:19'),
(171, 'Importância social, econômica e farmacológica de alcaloides encontrados em plantas endêmicas do Cerrado.', 'Flávia Espindula Dos Santos', 'CADASTRAR', '2023-10-09 21:24:06'),
(172, 'Oficina: Impressão 3D e Braille', 'Thais dos Reis Schliewe', 'DESCADASTRAR', '2023-10-09 21:28:03'),
(173, 'IFG em Cores: Pintura dos Muros', 'Thais dos Reis Schliewe', 'CADASTRAR', '2023-10-09 21:28:07'),
(174, 'Introdução à biotecnologia dos biofármacos', 'Tiago Oliveira Cortes Machado', 'CADASTRAR', '2023-10-09 21:29:28'),
(175, 'Oficina de Construção de Telescópios', 'Tiago Oliveira Cortes Machado', 'CADASTRAR', '2023-10-09 21:32:19'),
(176, 'Oficina de Fotografia Artesanal', 'Renata Eduarda Gonçalves Marques', 'CADASTRAR', '2023-10-09 21:34:58'),
(177, 'Oficina de Fotografia Artesanal', 'Renata Eduarda Gonçalves Marques', 'DESCADASTRAR', '2023-10-09 21:35:49'),
(178, 'Oficina de tinta de terra', 'Renata Eduarda Gonçalves Marques', 'CADASTRAR', '2023-10-09 21:36:06'),
(179, 'Introdução à biotecnologia dos biofármacos', 'Renata Eduarda Gonçalves Marques', 'CADASTRAR', '2023-10-09 21:37:02'),
(180, 'Compartilhando sabores e saberes: importância da agricultura familiar para a sociedade moderna', 'Renata Eduarda Gonçalves Marques', 'CADASTRAR', '2023-10-09 21:37:35'),
(181, 'Oficina de Fotografia Artesanal', 'Sthefany Alves Fernandes', 'CADASTRAR', '2023-10-09 21:38:43'),
(182, 'IFG em Cores: Pintura dos Muros', 'Thais dos Reis Schliewe', 'DESCADASTRAR', '2023-10-09 21:38:57'),
(183, 'Oficina de Fotografia Artesanal', 'Sthefany Alves Fernandes', 'DESCADASTRAR', '2023-10-09 21:39:01'),
(184, 'Olhando de Perto: O Sistema Imune Revelado🔍', 'Sthefany Alves Fernandes', 'CADASTRAR', '2023-10-09 21:39:03'),
(185, 'Modelagem 3d com Tinkercad', 'Thais dos Reis Schliewe', 'DESCADASTRAR', '2023-10-09 21:39:19'),
(186, 'IFG em Cores: Composição dos desenhos', 'Thais dos Reis Schliewe', 'CADASTRAR', '2023-10-09 21:39:24'),
(187, 'Palestra: Contenção Físico-químico de Serpentes', 'Renata Eduarda Gonçalves Marques', 'CADASTRAR', '2023-10-09 21:39:29'),
(188, 'Oficina de tinta de terra', 'Renata Eduarda Gonçalves Marques', 'DESCADASTRAR', '2023-10-09 21:40:31'),
(189, 'A Revolução dos RNAs', 'Sthefany Alves Fernandes', 'CADASTRAR', '2023-10-09 21:40:36'),
(190, 'IFG em Cores: Pintura dos Muros', 'Thais dos Reis Schliewe', 'CADASTRAR', '2023-10-09 21:41:18'),
(191, 'Oficina de tipagem sanguínea', 'Sthefany Alves Fernandes', 'CADASTRAR', '2023-10-09 21:44:27'),
(192, 'Importância social, econômica e farmacológica de alcaloides encontrados em plantas endêmicas do Cerrado.', 'Renata Eduarda Gonçalves Marques', 'CADASTRAR', '2023-10-09 21:44:53'),
(193, 'Palestra: Contenção Físico-químico de Serpentes', 'Sthefany Alves Fernandes', 'CADASTRAR', '2023-10-09 21:46:13'),
(194, 'Banco de sementes: uma das soluções para o desenvolvimento sustentável', 'Sthefany Alves Fernandes', 'CADASTRAR', '2023-10-09 21:47:19'),
(195, 'Apresentação sobre drones e Escola Espacial Zenit Aerospace', 'Matheus', 'CADASTRAR', '2023-10-09 22:10:04'),
(196, 'GIT e GitHub na prática!', 'Matheus', 'CADASTRAR', '2023-10-09 22:11:33'),
(197, 'IFG em Cores: Pintura dos Muros', 'Vitória Melo Machado', 'CADASTRAR', '2023-10-09 22:11:51'),
(198, 'IFG em Cores: Composição dos desenhos', 'Matheus', 'CADASTRAR', '2023-10-09 22:12:24'),
(199, 'IFG em Cores: Pintura dos Muros', 'Matheus', 'CADASTRAR', '2023-10-09 22:13:12'),
(200, 'IFG em Cores: Composição dos desenhos', 'Vitória Melo Machado', 'CADASTRAR', '2023-10-09 22:14:35'),
(201, 'Oficina de Fotografia Artesanal', 'Natasha Passos Matias', 'CADASTRAR', '2023-10-09 22:15:25'),
(202, 'Oficina de Construção de Telescópios', 'Matheus', 'CADASTRAR', '2023-10-09 22:15:55'),
(203, 'Grafites antirracistas no campus', 'Lívia Lana Silva Lemos', 'CADASTRAR', '2023-10-09 22:18:07'),
(204, 'Apresentação sobre drones e Escola Espacial Zenit Aerospace', 'Natasha Passos Matias', 'CADASTRAR', '2023-10-09 22:18:24'),
(205, 'EVENTO TESTE', 'Pedro Henrique Barros de Oliveira Ribeiro', 'DESCADASTRAR', '2023-10-09 22:18:47'),
(206, 'EVENTO TESTE', 'Hendrew Neres de Queiroz', 'DESCADASTRAR', '2023-10-09 22:18:47'),
(207, 'EVENTO TESTE', 'Carlos Henrique Teixeira De Carvalho Neto', 'DESCADASTRAR', '2023-10-09 22:18:47'),
(208, 'EVENTO TESTE', 'Afranio Furtado de Oliveira Neto', 'DESCADASTRAR', '2023-10-09 22:18:47'),
(209, 'EVENTO TESTE', 'Juliano Marcelo Schaurich Júnior', 'DESCADASTRAR', '2023-10-09 22:18:47'),
(210, 'EVENTO TESTE', 'Erik Takeshi Miura', 'DESCADASTRAR', '2023-10-09 22:18:47'),
(211, 'EVENTO TESTE', 'Anderson Alves Pereira Junior', 'DESCADASTRAR', '2023-10-09 22:18:47'),
(212, 'EVENTO TESTE', 'Maycon Douglas', 'DESCADASTRAR', '2023-10-09 22:18:47'),
(213, 'IFG em Cores: Composição dos desenhos', 'Lívia Lana Silva Lemos', 'CADASTRAR', '2023-10-09 22:18:57'),
(214, 'Encontro de egressos do curso Técnico Integrado em Biotecnologia do Câmpus Formosa do IFG.', 'Geovanna De Oliveira Torres', 'CADASTRAR', '2023-10-09 22:19:25'),
(215, 'Grafites antirracistas no campus', 'lara pabline de oliveira cavalcante', 'CADASTRAR', '2023-10-09 22:19:29'),
(216, 'IFG em Cores: Composição dos desenhos', 'Natasha Passos Matias', 'CADASTRAR', '2023-10-09 22:20:07'),
(217, 'Olhando de Perto: O Sistema Imune Revelado🔍', 'Lauanna Brun', 'CADASTRAR', '2023-10-09 22:20:22'),
(218, 'IFG em Cores: Pintura dos Muros', 'Lívia Lana Silva Lemos', 'CADASTRAR', '2023-10-09 22:20:23'),
(219, 'Olhando de Perto: O Sistema Imune Revelado🔍', 'Geovanna De Oliveira Torres', 'CADASTRAR', '2023-10-09 22:20:42'),
(220, 'Apresentação sobre drones e Escola Espacial Zenit Aerospace', 'lara pabline de oliveira cavalcante', 'CADASTRAR', '2023-10-09 22:20:50'),
(221, 'Oficina de tinta de terra', 'Natasha Passos Matias', 'CADASTRAR', '2023-10-09 22:21:24'),
(222, 'IFG em Cores: Composição dos desenhos', 'lara pabline de oliveira cavalcante', 'CADASTRAR', '2023-10-09 22:21:52'),
(223, 'Oficina de tinta de terra', 'Lauanna Brun', 'CADASTRAR', '2023-10-09 22:22:06'),
(224, 'IFG em Cores: Composição dos desenhos', 'Lauanna Brun', 'CADASTRAR', '2023-10-09 22:22:47'),
(225, 'IFG em Cores: Pintura dos Muros', 'lara pabline de oliveira cavalcante', 'CADASTRAR', '2023-10-09 22:23:19'),
(226, 'Grafites antirracistas no campus', 'lara pabline de oliveira cavalcante', 'CADASTRAR', '2023-10-09 22:23:32'),
(227, 'IFG em Cores: Pintura dos Muros', 'Lauanna Brun', 'CADASTRAR', '2023-10-09 22:23:42'),
(228, 'IFG em Cores: Pintura dos Muros', 'Geovanna De Oliveira Torres', 'CADASTRAR', '2023-10-09 22:23:58'),
(229, 'I Encontro de Egressos do Curso Técnico em Saneamento do Câmpus Formosa do IFG', 'Lauanna Brun', 'CADASTRAR', '2023-10-09 22:24:04'),
(230, 'Oficina de tipagem sanguínea', 'Natasha Passos Matias', 'CADASTRAR', '2023-10-09 22:24:05'),
(231, 'Grafites antirracistas no campus', 'Murilo Dias de Sousa', 'CADASTRAR', '2023-10-09 22:24:26'),
(232, 'Grafites antirracistas no campus', 'Murilo Dias de Sousa', 'DESCADASTRAR', '2023-10-09 22:24:28'),
(233, 'Oficina de Fotografia Artesanal', 'lara pabline de oliveira cavalcante', 'CADASTRAR', '2023-10-09 22:24:40'),
(234, 'Olhando de Perto: O Sistema Imune Revelado🔍', 'Murilo Dias de Sousa', 'CADASTRAR', '2023-10-09 22:24:50'),
(235, 'A Revolução dos RNAs', 'Murilo Dias de Sousa', 'CADASTRAR', '2023-10-09 22:26:00'),
(236, 'Grafites antirracistas no campus', 'Natasha Passos Matias', 'CADASTRAR', '2023-10-09 22:26:07'),
(237, 'Grafites antirracistas no campus', 'Murilo Dias de Sousa', 'CADASTRAR', '2023-10-09 22:26:15'),
(238, 'IFG em Cores: Pintura dos Muros', 'Geovanna De Oliveira Torres', 'DESCADASTRAR', '2023-10-09 22:26:24'),
(239, 'Grafites antirracistas no campus', 'Murilo Dias de Sousa', 'DESCADASTRAR', '2023-10-09 22:26:36'),
(240, 'IFG em Cores: Pintura dos Muros', 'Geovanna De Oliveira Torres', 'CADASTRAR', '2023-10-09 22:26:37'),
(241, 'IFG em Cores: Composição dos desenhos', 'Murilo Dias de Sousa', 'CADASTRAR', '2023-10-09 22:26:37'),
(242, 'IFG em Cores: Pintura dos Muros', 'Murilo Dias de Sousa', 'CADASTRAR', '2023-10-09 22:27:08'),
(243, 'Olhando de Perto: O Sistema Imune Revelado🔍', 'Raissa Santos Matias de Carvalho', 'CADASTRAR', '2023-10-09 22:27:51'),
(244, 'Olhando de Perto: O Sistema Imune Revelado🔍', 'Camilly Aparecida Barbosa de Almeida', 'CADASTRAR', '2023-10-09 22:28:30'),
(245, 'INTELIGÊNCIA ARTIFICIAL: Segurança Digital e Inovação Tecnológica:  Preparando Alunos para o Futuro', 'Geovanna De Oliveira Torres', 'CADASTRAR', '2023-10-09 22:28:54'),
(246, 'IFG em Cores: Composição dos desenhos', 'Geovanna De Oliveira Torres', 'CADASTRAR', '2023-10-09 22:29:52'),
(247, 'Encontro de egressos do curso Técnico Integrado em Biotecnologia do Câmpus Formosa do IFG.', 'Camilly Aparecida Barbosa de Almeida', 'CADASTRAR', '2023-10-09 22:30:32'),
(248, 'Encontro de egressos do curso Técnico Integrado em Biotecnologia do Câmpus Formosa do IFG.', 'Natasha Passos Matias', 'CADASTRAR', '2023-10-09 22:31:02'),
(249, 'Oficina de Fotografia Artesanal', 'Natasha Passos Matias', 'DESCADASTRAR', '2023-10-09 22:32:12'),
(250, 'Introdução ao PH da água e captação de água da chuva', 'Natasha Passos Matias', 'CADASTRAR', '2023-10-09 22:32:24'),
(251, 'Oficina de tipagem sanguínea', 'Raissa Santos Matias de Carvalho', 'CADASTRAR', '2023-10-09 22:33:11'),
(252, 'A Revolução dos RNAs', 'Camilly Aparecida Barbosa de Almeida', 'CADASTRAR', '2023-10-09 22:33:14'),
(253, 'Importância social, econômica e farmacológica de alcaloides encontrados em plantas endêmicas do Cerrado.', 'Renata Eduarda Gonçalves Marques', 'DESCADASTRAR', '2023-10-09 22:33:38'),
(254, 'Oficina de tipagem sanguínea', 'Camilly Aparecida Barbosa de Almeida', 'CADASTRAR', '2023-10-09 22:33:56'),
(255, 'A Revolução dos RNAs', 'Raissa Santos Matias de Carvalho', 'CADASTRAR', '2023-10-09 22:36:52'),
(256, 'SICT', 'Camilly Aparecida Barbosa de Almeida', 'CADASTRAR', '2023-10-09 22:38:23'),
(257, 'SICT', 'Raissa Santos Matias de Carvalho', 'CADASTRAR', '2023-10-09 22:39:08'),
(258, 'Olhando de Perto: O Sistema Imune Revelado🔍', 'Natasha Passos Matias', 'CADASTRAR', '2023-10-09 22:39:33'),
(259, 'Introdução ao PH da água e captação de água da chuva', 'Natasha Passos Matias', 'DESCADASTRAR', '2023-10-09 22:42:08'),
(260, 'Oficina de Fotografia Artesanal', 'Natasha Passos Matias', 'CADASTRAR', '2023-10-09 22:42:10'),
(261, 'Oficina de Fotografia Artesanal', 'Raissa Santos Matias de Carvalho', 'CADASTRAR', '2023-10-09 22:42:30'),
(262, 'Oficina de Fotografia Artesanal', 'Camilly Aparecida Barbosa de Almeida', 'CADASTRAR', '2023-10-09 22:42:59'),
(263, 'Encontro de egressos do curso Técnico Integrado em Biotecnologia do Câmpus Formosa do IFG.', 'Raissa Santos Matias de Carvalho', 'CADASTRAR', '2023-10-09 22:43:10'),
(264, 'Olhando de Perto: O Sistema Imune Revelado🔍', 'Murilo Apolinário Prado', 'CADASTRAR', '2023-10-09 22:46:25'),
(265, 'Olhando de Perto: O Sistema Imune Revelado🔍', 'Camila Rafaela Souza dos Anjos Santos', 'CADASTRAR', '2023-10-09 22:48:41'),
(266, 'IFG em Cores: Pintura dos Muros', 'Camila Rafaela Souza dos Anjos Santos', 'CADASTRAR', '2023-10-09 22:49:03'),
(267, 'INTELIGÊNCIA ARTIFICIAL: Segurança Digital e Inovação Tecnológica:  Preparando Alunos para o Futuro', 'Camila Rafaela Souza dos Anjos Santos', 'CADASTRAR', '2023-10-09 22:49:27'),
(268, 'IFG em Cores: Composição dos desenhos', 'Camila Rafaela Souza dos Anjos Santos', 'CADASTRAR', '2023-10-09 22:49:52'),
(269, 'Encontro de egressos do curso Técnico Integrado em Biotecnologia do Câmpus Formosa do IFG.', 'Camila Rafaela Souza dos Anjos Santos', 'CADASTRAR', '2023-10-09 22:50:34'),
(270, 'Capilaridade das plantas', 'Murilo Apolinário Prado', 'CADASTRAR', '2023-10-09 22:50:36'),
(271, 'Capilaridade das plantas', 'Murilo Apolinário Prado', 'DESCADASTRAR', '2023-10-09 22:51:05'),
(272, 'Oficina de tipagem sanguínea', 'Murilo Apolinário Prado', 'CADASTRAR', '2023-10-09 22:51:08'),
(273, 'Olhando de Perto: O Sistema Imune Revelado🔍', 'julia de lima souza', 'CADASTRAR', '2023-10-09 22:51:12'),
(274, 'Oficina de Fotografia Artesanal', 'Murilo Apolinário Prado', 'CADASTRAR', '2023-10-09 22:51:34'),
(275, 'Banco de sementes: uma das soluções para o desenvolvimento sustentável', 'Murilo Apolinário Prado', 'CADASTRAR', '2023-10-09 22:51:42'),
(276, 'Técnicas e ensaios in vitro aplicados a pesquisa científica.', 'julia de lima souza', 'CADASTRAR', '2023-10-09 22:52:18'),
(277, 'Trabalho Preventivo às ISTs e suas manifestações na saúde bucal.', 'julia de lima souza', 'CADASTRAR', '2023-10-09 22:53:47'),
(278, 'A Revolução dos RNAs', 'julia de lima souza', 'CADASTRAR', '2023-10-09 22:54:17'),
(279, 'Introdução à biotecnologia dos biofármacos', 'julia de lima souza', 'CADASTRAR', '2023-10-09 22:55:06'),
(280, 'Olhando de Perto: O Sistema Imune Revelado🔍', 'Geisiele Pereira Gomes', 'CADASTRAR', '2023-10-09 22:56:37'),
(281, 'Apresentação sobre drones e Escola Espacial Zenit Aerospace', 'Geisiele Pereira Gomes', 'CADASTRAR', '2023-10-09 22:57:41'),
(282, 'Exposição: Competição de Catapultas', 'Geisiele Pereira Gomes', 'CADASTRAR', '2023-10-09 22:58:29'),
(283, 'Técnicas e ensaios in vitro aplicados a pesquisa científica.', 'Geisiele Pereira Gomes', 'CADASTRAR', '2023-10-09 23:00:30'),
(284, 'Técnicas e ensaios in vitro aplicados a pesquisa científica.', 'Adriana Antonio dos Santos Rodrigues', 'CADASTRAR', '2023-10-09 23:00:46'),
(285, 'Técnicas e ensaios in vitro aplicados a pesquisa científica.', 'Adriana Antonio dos Santos Rodrigues', 'DESCADASTRAR', '2023-10-09 23:01:25'),
(286, 'Importância social, econômica e farmacológica de alcaloides encontrados em plantas endêmicas do Cerrado.', 'Adriana Antonio dos Santos Rodrigues', 'CADASTRAR', '2023-10-09 23:01:28'),
(287, 'Importância social, econômica e farmacológica de alcaloides encontrados em plantas endêmicas do Cerrado.', 'Adriana Antonio dos Santos Rodrigues', 'DESCADASTRAR', '2023-10-09 23:01:32'),
(288, 'Técnicas e ensaios in vitro aplicados a pesquisa científica.', 'Adriana Antonio dos Santos Rodrigues', 'CADASTRAR', '2023-10-09 23:01:35'),
(289, 'A Revolução dos RNAs', 'Geisiele Pereira Gomes', 'CADASTRAR', '2023-10-09 23:03:12'),
(290, 'Banco de sementes: uma das soluções para o desenvolvimento sustentável', 'Adriana Antonio dos Santos Rodrigues', 'CADASTRAR', '2023-10-09 23:04:38'),
(291, 'Introdução à biotecnologia dos biofármacos', 'Geisiele Pereira Gomes', 'CADASTRAR', '2023-10-09 23:05:32'),
(292, 'Banco de sementes: uma das soluções para o desenvolvimento sustentável', 'Adriana Antonio dos Santos Rodrigues', 'DESCADASTRAR', '2023-10-09 23:05:39'),
(293, 'Encontro de egressos do curso Técnico Integrado em Biotecnologia do Câmpus Formosa do IFG.', 'Adriana Antonio dos Santos Rodrigues', 'CADASTRAR', '2023-10-09 23:05:45'),
(294, 'Encontro de egressos do curso Técnico Integrado em Biotecnologia do Câmpus Formosa do IFG.', 'Adriana Antonio dos Santos Rodrigues', 'DESCADASTRAR', '2023-10-09 23:05:49'),
(295, 'Encontro de egressos do curso Técnico Integrado em Biotecnologia do Câmpus Formosa do IFG.', 'Adriana Antonio dos Santos Rodrigues', 'CADASTRAR', '2023-10-09 23:05:56'),
(296, 'Encontro de egressos do curso Técnico Integrado em Biotecnologia do Câmpus Formosa do IFG.', 'Adriana Antonio dos Santos Rodrigues', 'DESCADASTRAR', '2023-10-09 23:05:57'),
(297, 'Encontro de egressos do curso Técnico Integrado em Biotecnologia do Câmpus Formosa do IFG.', 'Adriana Antonio dos Santos Rodrigues', 'CADASTRAR', '2023-10-09 23:05:59'),
(298, 'Trabalho Preventivo às ISTs e suas manifestações na saúde bucal', 'Geisiele Pereira Gomes', 'CADASTRAR', '2023-10-09 23:06:03'),
(299, 'I Encontro de Egressos do Curso Técnico em Saneamento do Câmpus Formosa do IFG', 'Adriana Antonio dos Santos Rodrigues', 'CADASTRAR', '2023-10-09 23:06:40'),
(300, 'Capilaridade das plantas', 'Geisiele Pereira Gomes', 'CADASTRAR', '2023-10-09 23:07:45'),
(301, 'Mulheres na Ciência e Tecnologia', 'Geisiele Pereira Gomes', 'CADASTRAR', '2023-10-09 23:09:59'),
(302, 'Introdução ao PH da água e captação de água da chuva', 'Geisiele Pereira Gomes', 'CADASTRAR', '2023-10-09 23:11:24'),
(303, 'Encontro de egressos do curso Técnico Integrado em Biotecnologia do Câmpus Formosa do IFG.', 'Geisiele Pereira Gomes', 'CADASTRAR', '2023-10-09 23:13:16'),
(304, 'Compostagem e seus benefícios', 'Geisiele Pereira Gomes', 'CADASTRAR', '2023-10-09 23:14:04'),
(305, 'Exposição: Competição de Catapultas', 'Geisiele Pereira Gomes', 'DESCADASTRAR', '2023-10-09 23:27:36'),
(306, 'Usos e plantas medicinais e saberes tradicionais sobre doença e cura na umbanda', 'João Marcos de Sousa Pieniz', 'CADASTRAR', '2023-10-09 23:28:39'),
(307, 'Grafites antirracistas no campus', 'João Marcos de Sousa Pieniz', 'CADASTRAR', '2023-10-09 23:29:20'),
(308, 'Olhando de Perto: O Sistema Imune Revelado🔍', 'João Marcos de Sousa Pieniz', 'CADASTRAR', '2023-10-09 23:34:38'),
(309, 'Olhando de Perto: O Sistema Imune Revelado🔍', 'João Marcos de Sousa Pieniz', 'DESCADASTRAR', '2023-10-09 23:34:38'),
(310, 'Olhando de Perto: O Sistema Imune Revelado🔍', 'João Marcos de Sousa Pieniz', 'CADASTRAR', '2023-10-09 23:34:39'),
(311, 'Trabalho Preventivo às ISTs e suas manifestações na saúde bucal.', 'João Marcos de Sousa Pieniz', 'CADASTRAR', '2023-10-09 23:35:53'),
(312, 'Trabalho Preventivo às ISTs e suas manifestações na saúde bucal', 'João Marcos de Sousa Pieniz', 'CADASTRAR', '2023-10-09 23:36:13'),
(313, 'Trabalho Preventivo às ISTs e suas manifestações na saúde bucal', 'João Marcos de Sousa Pieniz', 'DESCADASTRAR', '2023-10-09 23:36:20'),
(314, 'Grafites antirracistas no campus', 'João Marcos de Sousa Pieniz', 'CADASTRAR', '2023-10-09 23:36:41'),
(315, 'Divergir sem destruir: sobre tolerância e sociedade democrática', 'João Marcos de Sousa Pieniz', 'CADASTRAR', '2023-10-09 23:39:11'),
(316, 'Grafites antirracistas no campus', 'João Marcos de Sousa Pieniz', 'CADASTRAR', '2023-10-09 23:39:43'),
(317, 'Oficina de Fotografia Artesanal', 'João Marcos de Sousa Pieniz', 'CADASTRAR', '2023-10-09 23:42:22'),
(318, 'Oficina de Fotografia Artesanal', 'João Marcos de Sousa Pieniz', 'DESCADASTRAR', '2023-10-09 23:42:23'),
(319, 'Apresentação sobre drones e Escola Espacial Zenit Aerospace', 'Geovana Thainá Vaz Machado', 'CADASTRAR', '2023-10-09 23:46:25'),
(320, 'Apresentação sobre drones e Escola Espacial Zenit Aerospace', 'Geovana Thainá Vaz Machado', 'DESCADASTRAR', '2023-10-09 23:46:29'),
(321, 'Exposição: Competição de Catapultas', 'Geovana Thainá Vaz Machado', 'CADASTRAR', '2023-10-09 23:46:36'),
(322, 'Curso de FTOOL', 'Geovana Thainá Vaz Machado', 'CADASTRAR', '2023-10-09 23:46:56'),
(323, 'Aplicação de produtos de argamassa  e impermeabilizantes no ramo da Engenharia Civil', 'Geovana Thainá Vaz Machado', 'CADASTRAR', '2023-10-09 23:47:23'),
(324, 'Aplicação de produtos de argamassa  e impermeabilizantes no ramo da Engenharia Civil', 'Geovana Thainá Vaz Machado', 'DESCADASTRAR', '2023-10-09 23:47:29'),
(325, 'Aplicação de produtos de argamassa  e impermeabilizantes no ramo da Engenharia Civil', 'Geovana Thainá Vaz Machado', 'CADASTRAR', '2023-10-09 23:47:38'),
(326, 'Croqui e Perspectiva dentro da Arquitetura e Urbanismo', 'Geovana Thainá Vaz Machado', 'CADASTRAR', '2023-10-09 23:48:32'),
(327, 'Croqui e Perspectiva dentro da Arquitetura e Urbanismo', 'Geovana Thainá Vaz Machado', 'DESCADASTRAR', '2023-10-09 23:48:42'),
(328, 'Oficina de Construção de Telescópios', 'Geovana Thainá Vaz Machado', 'CADASTRAR', '2023-10-09 23:48:44'),
(329, 'Campeonato de ponte de palitos dos alunos da engenharia', 'Geovana Thainá Vaz Machado', 'CADASTRAR', '2023-10-09 23:48:53'),
(330, 'Palestra: Contenção Físico-químico de Serpentes', 'Ana Clara Monteiro de Andrade', 'CADASTRAR', '2023-10-10 00:12:53'),
(331, 'Palestra: Contenção Físico-químico de Serpentes', 'Ana Clara Monteiro de Andrade', 'DESCADASTRAR', '2023-10-10 00:13:14'),
(332, 'Palestra: Contenção Físico-químico de Serpentes', 'Ana Clara Monteiro de Andrade', 'CADASTRAR', '2023-10-10 00:13:19'),
(333, 'IFG em Cores: Pintura dos Muros', 'Ana Clara Monteiro de Andrade', 'CADASTRAR', '2023-10-10 00:14:37'),
(334, 'INTELIGÊNCIA ARTIFICIAL: Segurança Digital e Inovação Tecnológica:  Preparando Alunos para o Futuro', 'Ana Clara Monteiro de Andrade', 'CADASTRAR', '2023-10-10 00:14:58'),
(335, 'Olhando de Perto: O Sistema Imune Revelado🔍', 'Ana Clara Monteiro de Andrade', 'CADASTRAR', '2023-10-10 00:15:41'),
(336, 'Olhando de Perto: O Sistema Imune Revelado🔍', 'Ana Clara Monteiro de Andrade', 'DESCADASTRAR', '2023-10-10 00:15:44'),
(337, 'Olhando de Perto: O Sistema Imune Revelado🔍', 'Ana Clara Monteiro de Andrade', 'CADASTRAR', '2023-10-10 00:15:46'),
(338, 'I Encontro de Egressos do Curso Técnico em Saneamento do Câmpus Formosa do IFG', 'Lauanna Brun', 'DESCADASTRAR', '2023-10-10 00:20:05'),
(339, 'I Encontro de Egressos do Curso Técnico em Saneamento do Câmpus Formosa do IFG', 'Lauanna Brun', 'CADASTRAR', '2023-10-10 00:20:10'),
(340, 'I Encontro de Egressos do Curso Técnico em Saneamento do Câmpus Formosa do IFG', 'Lauanna Brun', 'DESCADASTRAR', '2023-10-10 00:20:24'),
(341, 'Encontro de egressos do curso Técnico Integrado em Biotecnologia do Câmpus Formosa do IFG.', 'Lauanna Brun', 'CADASTRAR', '2023-10-10 00:22:56'),
(342, 'Hackathon', 'Arthur José Fernandes', 'CADASTRAR', '2023-10-10 00:54:39'),
(343, 'Olhando de Perto: O Sistema Imune Revelado🔍', 'Kalysson Ryan da Rocha Cardoso', 'CADASTRAR', '2023-10-10 01:11:00'),
(344, 'Olhando de Perto: O Sistema Imune Revelado🔍', 'Kalysson Ryan da Rocha Cardoso', 'DESCADASTRAR', '2023-10-10 01:11:12'),
(345, 'Exposição: O Fantástico Mundo da Zoologia', 'Kalysson Ryan da Rocha Cardoso', 'CADASTRAR', '2023-10-10 01:11:13'),
(346, 'Oficina de tinta de terra', 'Kalysson Ryan da Rocha Cardoso', 'CADASTRAR', '2023-10-10 01:11:21'),
(347, 'Oficina de tinta de terra', 'Kalysson Ryan da Rocha Cardoso', 'DESCADASTRAR', '2023-10-10 01:11:28'),
(348, 'INTELIGÊNCIA ARTIFICIAL: Segurança Digital e Inovação Tecnológica:  Preparando Alunos para o Futuro', 'Kalysson Ryan da Rocha Cardoso', 'CADASTRAR', '2023-10-10 01:11:32'),
(349, 'GIT e GitHub na prática!', 'Kalysson Ryan da Rocha Cardoso', 'CADASTRAR', '2023-10-10 01:11:46'),
(350, 'Divergir sem destruir: sobre tolerância e sociedade democrática', 'Kalysson Ryan da Rocha Cardoso', 'CADASTRAR', '2023-10-10 01:12:14'),
(351, 'Hackathon', 'Ketlen Miranda de Jesus Costa', 'CADASTRAR', '2023-10-10 01:14:24'),
(352, 'GIT e GitHub na prática!', 'Ketlen Miranda de Jesus Costa', 'CADASTRAR', '2023-10-10 01:15:16'),
(353, 'GIT e GitHub na prática!', 'Ketlen Miranda de Jesus Costa', 'DESCADASTRAR', '2023-10-10 01:16:04'),
(354, 'Trabalho Preventivo às ISTs e suas manifestações na saúde bucal', 'Ketlen Miranda de Jesus Costa', 'CADASTRAR', '2023-10-10 01:17:15'),
(355, 'Trabalho Preventivo às ISTs e suas manifestações na saúde bucal', 'Ketlen Miranda de Jesus Costa', 'DESCADASTRAR', '2023-10-10 01:18:11'),
(356, 'Exposição: O Fantástico Mundo da Zoologia', 'Déborah Marine Alves de Barros', 'CADASTRAR', '2023-10-10 01:20:50'),
(357, 'Exposição: O Fantástico Mundo da Zoologia', 'Déborah Marine Alves de Barros', 'DESCADASTRAR', '2023-10-10 01:21:25'),
(358, 'Olhando de Perto: O Sistema Imune Revelado🔍', 'Déborah Marine Alves de Barros', 'CADASTRAR', '2023-10-10 01:21:27'),
(359, 'Apresentação sobre drones e Escola Espacial Zenit Aerospace', 'Déborah Marine Alves de Barros', 'CADASTRAR', '2023-10-10 01:22:44'),
(360, 'Exposição: Competição de Catapultas', 'Déborah Marine Alves de Barros', 'CADASTRAR', '2023-10-10 01:23:00'),
(361, 'A Revolução dos RNAs', 'Déborah Marine Alves de Barros', 'CADASTRAR', '2023-10-10 01:25:14'),
(362, 'A Revolução dos RNAs', 'Déborah Marine Alves de Barros', 'DESCADASTRAR', '2023-10-10 01:25:29'),
(363, 'Oficina de tinta de terra', 'Déborah Marine Alves de Barros', 'CADASTRAR', '2023-10-10 01:25:30'),
(364, 'Modelagem 3d com Tinkercad', 'Déborah Marine Alves de Barros', 'CADASTRAR', '2023-10-10 01:28:13'),
(365, 'Origamis', 'Déborah Marine Alves de Barros', 'CADASTRAR', '2023-10-10 01:28:22'),
(366, 'Origamis', 'Déborah Marine Alves de Barros', 'DESCADASTRAR', '2023-10-10 01:28:26'),
(367, 'Oficina: Impressão 3D e Braille', 'Déborah Marine Alves de Barros', 'CADASTRAR', '2023-10-10 01:30:31'),
(368, 'Oficina: Impressão 3D e Braille', 'Déborah Marine Alves de Barros', 'DESCADASTRAR', '2023-10-10 01:34:04'),
(369, 'Compartilhando sabores e saberes: importância da agricultura familiar para a sociedade moderna', 'Déborah Marine Alves de Barros', 'CADASTRAR', '2023-10-10 01:34:06'),
(370, 'Introdução ao PH da água e captação de água da chuva', 'Déborah Marine Alves de Barros', 'CADASTRAR', '2023-10-10 01:36:53'),
(371, 'Banco de sementes: uma das soluções para o desenvolvimento sustentável', 'Déborah Marine Alves de Barros', 'CADASTRAR', '2023-10-10 01:37:41'),
(372, 'Compostagem e seus benefícios', 'Déborah Marine Alves de Barros', 'CADASTRAR', '2023-10-10 01:38:26'),
(373, 'Hackathon', 'Otávio Profeta', 'CADASTRAR', '2023-10-10 01:43:50'),
(374, 'Grafites antirracistas no campus', 'Ramon', 'CADASTRAR', '2023-10-10 01:58:57'),
(375, 'INTELIGÊNCIA ARTIFICIAL: Segurança Digital e Inovação Tecnológica:  Preparando Alunos para o Futuro', 'Ramon', 'CADASTRAR', '2023-10-10 01:59:41'),
(376, 'Tecnologia e Impactos Ambientais', 'Ramon', 'CADASTRAR', '2023-10-10 02:00:14'),
(377, 'Oficina de demonstração e aplicação de tintas', 'Ramon', 'CADASTRAR', '2023-10-10 02:00:48'),
(378, 'Oficina de demonstração e aplicação de tintas', 'Ramon', 'DESCADASTRAR', '2023-10-10 02:00:51'),
(379, 'Origamis', 'Ramon', 'CADASTRAR', '2023-10-10 02:00:55'),
(380, 'Oficina: Impressão 3D e Braille', 'Ramon', 'CADASTRAR', '2023-10-10 02:01:41'),
(381, 'Grafites antirracistas no campus', 'Ramon', 'CADASTRAR', '2023-10-10 02:01:53'),
(382, 'SICT', 'Ramon', 'CADASTRAR', '2023-10-10 02:02:07'),
(383, 'Grafites antirracistas no campus', 'Ramon', 'DESCADASTRAR', '2023-10-10 02:02:23'),
(384, 'I Encontro de Egressos do Curso Técnico em Saneamento do Câmpus Formosa do IFG', 'Ramon', 'CADASTRAR', '2023-10-10 02:02:26'),
(385, 'Hackathon', 'Ramon', 'CADASTRAR', '2023-10-10 02:03:02'),
(386, 'Apresentação sobre drones e Escola Espacial Zenit Aerospace', 'Thiago Gonçalves Dias', 'CADASTRAR', '2023-10-10 03:15:17'),
(387, 'Curso de FTOOL', 'Thiago Gonçalves Dias', 'CADASTRAR', '2023-10-10 03:19:08'),
(388, 'Oficina: Impressão 3D e Braille', 'Thiago Gonçalves Dias', 'CADASTRAR', '2023-10-10 03:25:03'),
(389, 'Grafites antirracistas no campus', 'Thiago Gonçalves Dias', 'CADASTRAR', '2023-10-10 03:26:24'),
(390, 'SICT', 'Thiago Gonçalves Dias', 'CADASTRAR', '2023-10-10 03:27:04'),
(391, 'Campeonato de ponte de palitos dos alunos da engenharia', 'Thiago Gonçalves Dias', 'CADASTRAR', '2023-10-10 03:30:32'),
(392, 'Apresentação sobre drones e Escola Espacial Zenit Aerospace', 'Ruan Rocha de Souza Feitosa', 'CADASTRAR', '2023-10-10 08:39:13'),
(393, 'Técnicas e ensaios in vitro aplicados a pesquisa científica.', 'Ruan Rocha de Souza Feitosa', 'CADASTRAR', '2023-10-10 08:39:48'),
(394, 'Trabalho Preventivo às ISTs e suas manifestações na saúde bucal.', 'Ruan Rocha de Souza Feitosa', 'CADASTRAR', '2023-10-10 08:41:22'),
(395, 'Trabalho Preventivo às ISTs e suas manifestações na saúde bucal.', 'Ruan Rocha de Souza Feitosa', 'DESCADASTRAR', '2023-10-10 08:46:00'),
(396, 'Olhando de Perto: O Sistema Imune Revelado🔍', 'Ruan Rocha de Souza Feitosa', 'CADASTRAR', '2023-10-10 08:51:39'),
(397, 'Oficina de tinta de terra', 'Ruan Rocha de Souza Feitosa', 'CADASTRAR', '2023-10-10 09:01:04'),
(398, 'Oficina de tinta de terra', 'Ruan Rocha de Souza Feitosa', 'DESCADASTRAR', '2023-10-10 09:01:36'),
(399, 'Trabalho Preventivo às ISTs e suas manifestações na saúde bucal', 'Ruan Rocha de Souza Feitosa', 'CADASTRAR', '2023-10-10 09:01:40'),
(400, 'Trabalho Preventivo às ISTs e suas manifestações na saúde bucal', 'Ruan Rocha de Souza Feitosa', 'DESCADASTRAR', '2023-10-10 09:02:22'),
(401, 'GIT e GitHub na prática!', 'Ruan Rocha de Souza Feitosa', 'CADASTRAR', '2023-10-10 09:02:24'),
(402, 'Trabalho Preventivo às ISTs e suas manifestações na saúde bucal', 'Ruan Rocha de Souza Feitosa', 'CADASTRAR', '2023-10-10 09:02:27'),
(403, 'Compartilhando sabores e saberes: importância da agricultura familiar para a sociedade moderna', 'Ruan Rocha de Souza Feitosa', 'CADASTRAR', '2023-10-10 09:05:12'),
(404, 'Oficina de Fotografia Artesanal', 'Ruan Rocha de Souza Feitosa', 'CADASTRAR', '2023-10-10 09:32:57'),
(405, 'Sistema de Hidroponias', 'Ruan Rocha de Souza Feitosa', 'CADASTRAR', '2023-10-10 09:33:07'),
(406, 'Oficina de Construção de Telescópios', 'Ruan Rocha de Souza Feitosa', 'CADASTRAR', '2023-10-10 09:33:50'),
(407, 'Oficina de Construção de Telescópios', 'Ruan Rocha de Souza Feitosa', 'DESCADASTRAR', '2023-10-10 09:34:02'),
(408, 'Desvendando os Segredos das Nuvens: Uma Jornada pela AWS', 'Ruan Rocha de Souza Feitosa', 'CADASTRAR', '2023-10-10 09:34:05'),
(409, 'Oficina de tinta de terra', 'Murilo Apolinário Prado', 'CADASTRAR', '2023-10-10 10:06:03'),
(410, 'Exposição: O Fantástico Mundo da Zoologia', 'Rayane avelino dos Santos', 'CADASTRAR', '2023-10-10 10:41:16'),
(411, 'Exposição: Competição de Catapultas', 'Pollyane araujo alves de jesus', 'CADASTRAR', '2023-10-10 11:02:29'),
(412, 'Usos e plantas medicinais e saberes tradicionais sobre doença e cura na umbanda', 'Karina Rocha da Silva', 'CADASTRAR', '2023-10-10 11:11:35'),
(413, 'Trabalho Preventivo às ISTs e suas manifestações na saúde bucal', 'Karina Rocha da Silva', 'CADASTRAR', '2023-10-10 11:13:22'),
(414, 'Oficina: Impressão 3D e Braille', 'Karina Rocha da Silva', 'CADASTRAR', '2023-10-10 11:14:54'),
(415, 'Banco de sementes: uma das soluções para o desenvolvimento sustentável', 'Karina Rocha da Silva', 'CADASTRAR', '2023-10-10 11:16:16'),
(416, 'INTELIGÊNCIA ARTIFICIAL: Segurança Digital e Inovação Tecnológica:  Preparando Alunos para o Futuro', 'Felipe de Lima Martelli', 'CADASTRAR', '2023-10-10 11:24:19'),
(417, 'GIT e GitHub na prática!', 'Pedro Henrique Barros de Oliveira Ribeiro', 'CADASTRAR', '2023-10-10 11:26:41'),
(418, 'GIT e GitHub na prática!', 'Pedro Henrique Barros de Oliveira Ribeiro', 'DESCADASTRAR', '2023-10-10 11:26:41'),
(419, 'GIT e GitHub na prática!', 'Pedro Henrique Barros de Oliveira Ribeiro', 'CADASTRAR', '2023-10-10 11:26:42'),
(420, 'GIT e GitHub na prática!', 'Pedro Henrique Barros de Oliveira Ribeiro', 'DESCADASTRAR', '2023-10-10 11:26:58'),
(421, 'GIT e GitHub na prática!', 'Pedro Henrique Barros de Oliveira Ribeiro', 'CADASTRAR', '2023-10-10 11:27:00'),
(422, 'Técnicas e ensaios in vitro aplicados a pesquisa científica.', 'Felipe de Lima Martelli', 'CADASTRAR', '2023-10-10 11:28:15'),
(423, 'Divergir sem destruir: sobre tolerância e sociedade democrática', 'Felipe de Lima Martelli', 'CADASTRAR', '2023-10-10 11:29:41'),
(424, 'Introdução ao PH da água e captação de água da chuva', 'Felipe de Lima Martelli', 'CADASTRAR', '2023-10-10 11:29:53'),
(425, 'GIT e GitHub na prática!', 'Giulia Caroliny Vera Martins', 'CADASTRAR', '2023-10-10 11:34:05'),
(426, 'Oficina de demonstração e aplicação de tintas', 'Layne Moura Oliveira', 'CADASTRAR', '2023-10-10 11:34:50'),
(427, 'INTELIGÊNCIA ARTIFICIAL: Segurança Digital e Inovação Tecnológica:  Preparando Alunos para o Futuro', 'Pedro Henrique Barros de Oliveira Ribeiro', 'CADASTRAR', '2023-10-10 11:35:17'),
(428, 'Hackathon', 'gbastosmoreira@gmail.com', 'CADASTRAR', '2023-10-10 12:00:29');
INSERT INTO `log_tb_evento_usuario` (`id`, `nome_evento`, `nome_usuario`, `tipo_operacao`, `data_hora`) VALUES
(429, 'Usos e plantas medicinais e saberes tradicionais sobre doença e cura na umbanda', 'gbastosmoreira@gmail.com', 'CADASTRAR', '2023-10-10 12:00:52'),
(430, 'Usos e plantas medicinais e saberes tradicionais sobre doença e cura na umbanda', 'gbastosmoreira@gmail.com', 'DESCADASTRAR', '2023-10-10 12:00:58'),
(431, 'Apresentação sobre drones e Escola Espacial Zenit Aerospace', 'gbastosmoreira@gmail.com', 'CADASTRAR', '2023-10-10 12:01:00'),
(432, 'Grafites antirracistas no campus', 'gbastosmoreira@gmail.com', 'CADASTRAR', '2023-10-10 12:01:22'),
(433, 'Aplicação de produtos de argamassa  e impermeabilizantes no ramo da Engenharia Civil', 'João Vitor dos Santos Silva', 'CADASTRAR', '2023-10-10 12:22:19'),
(434, 'Hackathon', 'Karoline da Silva Tavares', 'CADASTRAR', '2023-10-10 12:53:49'),
(435, 'Hackathon', 'Karoline da Silva Tavares', 'DESCADASTRAR', '2023-10-10 12:54:06'),
(436, 'Olhando de Perto: O Sistema Imune Revelado🔍', 'Karoline da Silva Tavares', 'CADASTRAR', '2023-10-10 12:54:47'),
(437, 'Usos e plantas medicinais e saberes tradicionais sobre doença e cura na umbanda', 'Karoline da Silva Tavares', 'CADASTRAR', '2023-10-10 12:56:19'),
(438, 'Técnicas e ensaios in vitro aplicados a pesquisa científica.', 'Karoline da Silva Tavares', 'CADASTRAR', '2023-10-10 12:56:48'),
(439, 'Trabalho Preventivo às ISTs e suas manifestações na saúde bucal.', 'Karoline da Silva Tavares', 'CADASTRAR', '2023-10-10 12:58:04'),
(440, 'A Revolução dos RNAs', 'Karoline da Silva Tavares', 'CADASTRAR', '2023-10-10 12:58:24'),
(441, 'IFG em Cores: Composição dos desenhos', 'Karoline da Silva Tavares', 'CADASTRAR', '2023-10-10 12:59:43'),
(442, 'Introdução à biotecnologia dos biofármacos', 'Karoline da Silva Tavares', 'CADASTRAR', '2023-10-10 13:00:30'),
(443, 'IFG em Cores: Pintura dos Muros', 'Karoline da Silva Tavares', 'CADASTRAR', '2023-10-10 13:01:23'),
(444, 'Grafites antirracistas no campus', 'Karoline da Silva Tavares', 'CADASTRAR', '2023-10-10 13:01:29'),
(445, 'SICT', 'Karoline da Silva Tavares', 'CADASTRAR', '2023-10-10 13:02:08'),
(446, 'Oficina de Fotografia Artesanal', 'Karoline da Silva Tavares', 'CADASTRAR', '2023-10-10 13:02:28'),
(447, 'Oficina de Fotografia Artesanal', 'Karoline da Silva Tavares', 'DESCADASTRAR', '2023-10-10 13:02:54'),
(448, 'Palestra: Contenção Físico-químico de Serpentes', 'Karoline da Silva Tavares', 'CADASTRAR', '2023-10-10 13:03:03'),
(449, 'Exposição: O Fantástico Mundo da Zoologia', 'Erika Cristina A. da Silva', 'CADASTRAR', '2023-10-10 13:11:14'),
(450, 'Exposição: O Fantástico Mundo da Zoologia', 'Erika Cristina A. da Silva', 'DESCADASTRAR', '2023-10-10 13:13:14'),
(451, 'Exposição: O Fantástico Mundo da Zoologia', 'Erika Cristina A. da Silva', 'CADASTRAR', '2023-10-10 13:13:36'),
(452, 'Exposição: O Fantástico Mundo da Zoologia', 'Mateus Ferreira', 'CADASTRAR', '2023-10-10 13:45:25'),
(453, 'Exposição: O Fantástico Mundo da Zoologia', 'Mateus Ferreira', 'DESCADASTRAR', '2023-10-10 13:46:17'),
(454, 'Técnicas e ensaios in vitro aplicados a pesquisa científica.', 'Mateus Ferreira', 'CADASTRAR', '2023-10-10 13:46:34'),
(455, 'IFG em Cores: Composição dos desenhos', 'Mateus Ferreira', 'CADASTRAR', '2023-10-10 13:50:59'),
(456, 'IFG em Cores: Composição dos desenhos', 'Mateus Ferreira', 'DESCADASTRAR', '2023-10-10 13:51:10'),
(457, 'Introdução à biotecnologia dos biofármacos', 'Mateus Ferreira', 'CADASTRAR', '2023-10-10 13:51:41'),
(458, 'Oficina de tipagem sanguínea', 'Mateus Ferreira', 'CADASTRAR', '2023-10-10 13:55:55'),
(459, 'Palestra: Contenção Físico-químico de Serpentes', 'Mateus Ferreira', 'CADASTRAR', '2023-10-10 13:56:20'),
(460, 'Oficina de Construção de Telescópios', 'Mateus Ferreira', 'CADASTRAR', '2023-10-10 13:57:53'),
(461, 'Oficina de Construção de Telescópios', 'Mateus Ferreira', 'DESCADASTRAR', '2023-10-10 13:58:59'),
(462, 'Banco de sementes: uma das soluções para o desenvolvimento sustentável', 'Mateus Ferreira', 'CADASTRAR', '2023-10-10 13:59:02'),
(463, 'INTELIGÊNCIA ARTIFICIAL: Segurança Digital e Inovação Tecnológica:  Preparando Alunos para o Futuro', 'Erika Cristina A. da Silva', 'CADASTRAR', '2023-10-10 14:03:15'),
(464, 'GIT e GitHub na prática!', 'Erika Cristina A. da Silva', 'CADASTRAR', '2023-10-10 14:04:05'),
(465, 'Modelagem 3d com Tinkercad', 'Erika Cristina A. da Silva', 'CADASTRAR', '2023-10-10 14:05:19'),
(466, 'Compartilhando sabores e saberes: importância da agricultura familiar para a sociedade moderna', 'Erika Cristina A. da Silva', 'CADASTRAR', '2023-10-10 14:07:57'),
(467, 'Compartilhando sabores e saberes: importância da agricultura familiar para a sociedade moderna', 'Anna Júlia Fernandes de Ataides', 'CADASTRAR', '2023-10-10 14:08:51'),
(468, 'Modelagem 3d com Tinkercad', 'Anna Júlia Fernandes de Ataides', 'CADASTRAR', '2023-10-10 14:11:18'),
(469, 'Exposição: O Fantástico Mundo da Zoologia', 'Anna Júlia Fernandes de Ataides', 'CADASTRAR', '2023-10-10 14:12:03'),
(470, 'Oficina de Fotografia Artesanal', 'Anna Júlia Fernandes de Ataides', 'CADASTRAR', '2023-10-10 14:13:29'),
(471, 'Oficina de Fotografia Artesanal', 'Erika Cristina A. da Silva', 'CADASTRAR', '2023-10-10 14:13:51'),
(472, 'Exposição: O Fantástico Mundo da Zoologia', 'Kawan Vitor', 'CADASTRAR', '2023-10-10 14:26:38'),
(473, 'IFG em Cores: Composição dos desenhos', 'Kawan Vitor', 'CADASTRAR', '2023-10-10 14:29:33'),
(474, 'IFG em Cores: Composição dos desenhos', 'Kawan Vitor', 'DESCADASTRAR', '2023-10-10 14:29:34'),
(475, 'Compartilhando sabores e saberes: importância da agricultura familiar para a sociedade moderna', 'Kawan Vitor', 'CADASTRAR', '2023-10-10 14:30:20'),
(476, 'Oficina de Fotografia Artesanal', 'Kawan Vitor', 'CADASTRAR', '2023-10-10 14:34:50'),
(477, 'Modelagem 3d com Tinkercad', 'Kawan Vitor', 'CADASTRAR', '2023-10-10 14:36:42'),
(478, 'Curso de FTOOL', 'Nathan Ribeiro Lima', 'CADASTRAR', '2023-10-10 15:18:53'),
(479, 'Aplicação de produtos de argamassa  e impermeabilizantes no ramo da Engenharia Civil', 'Nathan Ribeiro Lima', 'CADASTRAR', '2023-10-10 15:20:18'),
(480, 'Projeto Arquitetônico e Aprovação na Vigilância Sanitária de Estabelecimentos de Saúde', 'Nathan Ribeiro Lima', 'CADASTRAR', '2023-10-10 15:20:57'),
(481, 'SICT', 'Nathan Ribeiro Lima', 'CADASTRAR', '2023-10-10 15:21:36'),
(482, 'Campeonato de ponte de palitos dos alunos da engenharia', 'Nathan Ribeiro Lima', 'CADASTRAR', '2023-10-10 15:22:35'),
(483, 'Apresentação sobre drones e Escola Espacial Zenit Aerospace', 'Nathan Ribeiro Lima', 'CADASTRAR', '2023-10-10 15:25:00'),
(484, 'Exposição: Competição de Catapultas', 'Nathan Ribeiro Lima', 'CADASTRAR', '2023-10-10 15:25:02'),
(485, 'Trabalho Preventivo às ISTs e suas manifestações na saúde bucal', 'Nathan Ribeiro Lima', 'CADASTRAR', '2023-10-10 15:26:21'),
(486, 'Croqui e Perspectiva dentro da Arquitetura e Urbanismo', 'Nathan Ribeiro Lima', 'CADASTRAR', '2023-10-10 15:28:51'),
(487, 'Exposição: O Fantástico Mundo da Zoologia', 'Wanny Gomes da Silva', 'CADASTRAR', '2023-10-10 15:33:32'),
(488, 'A Revolução dos RNAs', 'Wanny Gomes da Silva', 'CADASTRAR', '2023-10-10 15:35:05'),
(489, 'Oficina de tipagem sanguínea', 'Wanny Gomes da Silva', 'CADASTRAR', '2023-10-10 15:36:42'),
(490, 'Palestra: Contenção Físico-químico de Serpentes', 'Wanny Gomes da Silva', 'CADASTRAR', '2023-10-10 15:37:19'),
(491, 'SICT', 'Wanny Gomes da Silva', 'CADASTRAR', '2023-10-10 15:39:05'),
(492, 'Oficina de demonstração e aplicação de tintas', 'Wanny Gomes da Silva', 'CADASTRAR', '2023-10-10 15:44:47'),
(493, 'Exposição: O Fantástico Mundo da Zoologia', 'Matheus Generoso Canedo Ornelas', 'CADASTRAR', '2023-10-10 16:05:26'),
(494, 'Exposição: O Fantástico Mundo da Zoologia', 'Matheus Generoso Canedo Ornelas', 'DESCADASTRAR', '2023-10-10 16:05:28'),
(495, 'Olhando de Perto: O Sistema Imune Revelado🔍', 'Tawane Rodrigues Santos', 'CADASTRAR', '2023-10-10 16:09:04'),
(496, 'Modelagem 3d com Tinkercad', 'Zeronilde Alves Costa de Barros', 'CADASTRAR', '2023-10-10 16:16:23'),
(497, 'Modelagem 3d com Tinkercad', 'Zeronilde Alves Costa de Barros', 'DESCADASTRAR', '2023-10-10 16:16:27'),
(498, 'Exposição: O Fantástico Mundo da Zoologia', 'Yasmim Rezende do Santos', 'CADASTRAR', '2023-10-10 16:19:06'),
(499, 'Exposição: O Fantástico Mundo da Zoologia', 'Yasmim Rezende do Santos', 'DESCADASTRAR', '2023-10-10 16:19:50'),
(500, 'Usos e plantas medicinais e saberes tradicionais sobre doença e cura na umbanda', 'Yasmim Rezende do Santos', 'CADASTRAR', '2023-10-10 16:19:53'),
(501, 'Exposição: Competição de Catapultas', 'Yasmim Rezende do Santos', 'CADASTRAR', '2023-10-10 16:20:34'),
(502, 'INTELIGÊNCIA ARTIFICIAL: Segurança Digital e Inovação Tecnológica:  Preparando Alunos para o Futuro', 'Yasmim Rezende do Santos', 'CADASTRAR', '2023-10-10 16:21:29'),
(503, 'SICT', 'Tawane Rodrigues Santos', 'CADASTRAR', '2023-10-10 16:21:51'),
(504, 'IFG em Cores: Composição dos desenhos', 'Yasmim Rezende do Santos', 'CADASTRAR', '2023-10-10 16:22:13'),
(505, 'Mulheres na Ciência e Tecnologia', 'Yasmim Rezende do Santos', 'CADASTRAR', '2023-10-10 16:23:28'),
(506, 'Compartilhando sabores e saberes: importância da agricultura familiar para a sociedade moderna', 'Zeronilde Alves Costa de Barros', 'CADASTRAR', '2023-10-10 16:24:31'),
(507, 'Introdução ao PH da água e captação de água da chuva', 'Zeronilde Alves Costa de Barros', 'CADASTRAR', '2023-10-10 16:29:24'),
(508, 'Introdução ao PH da água e captação de água da chuva', 'Zeronilde Alves Costa de Barros', 'DESCADASTRAR', '2023-10-10 16:29:24'),
(509, 'Introdução ao PH da água e captação de água da chuva', 'Zeronilde Alves Costa de Barros', 'CADASTRAR', '2023-10-10 16:29:25'),
(510, 'Compostagem e seus benefícios', 'Zeronilde Alves Costa de Barros', 'CADASTRAR', '2023-10-10 16:29:58'),
(511, 'Aplicação de produtos de argamassa  e impermeabilizantes no ramo da Engenharia Civil', 'Vanine Rodrigues Pimentel', 'CADASTRAR', '2023-10-10 16:37:41'),
(512, 'Projeto Arquitetônico e Aprovação na Vigilância Sanitária de Estabelecimentos de Saúde', 'Vanine Rodrigues Pimentel', 'CADASTRAR', '2023-10-10 16:45:19'),
(513, 'Olhando de Perto: O Sistema Imune Revelado🔍', 'Pâmella Guedes Gonçalves', 'CADASTRAR', '2023-10-10 17:04:29'),
(514, 'Olhando de Perto: O Sistema Imune Revelado🔍', 'Maria Luiza Araujo campos', 'CADASTRAR', '2023-10-10 17:04:30'),
(515, 'Olhando de Perto: O Sistema Imune Revelado🔍', 'Maria Luiza Araujo campos', 'DESCADASTRAR', '2023-10-10 17:04:58'),
(516, 'Olhando de Perto: O Sistema Imune Revelado🔍', 'Maria Luiza Araujo campos', 'CADASTRAR', '2023-10-10 17:04:59'),
(517, 'Hackathon', 'Elis da Mata', 'CADASTRAR', '2023-10-10 17:06:45'),
(518, 'Trabalho Preventivo às ISTs e suas manifestações na saúde bucal', 'Maria Luiza Araujo campos', 'CADASTRAR', '2023-10-10 17:07:24'),
(519, 'Trabalho Preventivo às ISTs e suas manifestações na saúde bucal', 'Pâmella Guedes Gonçalves', 'CADASTRAR', '2023-10-10 17:07:35'),
(520, 'Oficina de tipagem sanguínea', 'Pâmella Guedes Gonçalves', 'CADASTRAR', '2023-10-10 17:08:24'),
(521, 'Oficina de tipagem sanguínea', 'Maria Luiza Araujo campos', 'CADASTRAR', '2023-10-10 17:08:25'),
(522, 'Apresentação sobre drones e Escola Espacial Zenit Aerospace', 'Elis da Mata', 'CADASTRAR', '2023-10-10 17:09:15'),
(523, 'Exposição: Competição de Catapultas', 'Elis da Mata', 'CADASTRAR', '2023-10-10 17:09:25'),
(524, 'Importância social, econômica e farmacológica de alcaloides encontrados em plantas endêmicas do Cerrado.', 'Fernanda Espindula Fernandes', 'CADASTRAR', '2023-10-10 17:36:11'),
(525, 'Importância social, econômica e farmacológica de alcaloides encontrados em plantas endêmicas do Cerrado.', 'Alifer vieira de brito', 'CADASTRAR', '2023-10-10 17:42:38'),
(526, 'SICT', 'Flávia Espindula Dos Santos', 'CADASTRAR', '2023-10-10 17:43:56'),
(527, 'Apresentação sobre drones e Escola Espacial Zenit Aerospace', 'Maísa dos Santos Augusto Lobo', 'CADASTRAR', '2023-10-10 17:55:48'),
(528, 'IFG em Cores: Composição dos desenhos', 'Maísa dos Santos Augusto Lobo', 'CADASTRAR', '2023-10-10 17:57:12'),
(529, 'Importância social, econômica e farmacológica de alcaloides encontrados em plantas endêmicas do Cerrado.', 'Fabíola Silva Ferreira Farias', 'CADASTRAR', '2023-10-10 17:58:14'),
(530, 'Mulheres na Ciência e Tecnologia', 'Maísa dos Santos Augusto Lobo', 'CADASTRAR', '2023-10-10 17:58:36'),
(531, 'Banco de sementes: uma das soluções para o desenvolvimento sustentável', 'Maísa dos Santos Augusto Lobo', 'CADASTRAR', '2023-10-10 18:00:26'),
(532, 'Ponte de palitos', 'Carlos Henrique Teixeira De Carvalho Neto', 'DESCADASTRAR', '2023-10-10 18:07:22'),
(533, 'Mulheres na Ciência e Tecnologia', 'Sthefany Alves Fernandes', 'CADASTRAR', '2023-10-10 21:05:00'),
(534, 'Palestra: Contenção Físico-químico de Serpentes', 'Sthefany Alves Fernandes', 'DESCADASTRAR', '2023-10-10 21:05:40'),
(535, 'Oficina de Fotografia Artesanal', 'Sthefany Alves Fernandes', 'CADASTRAR', '2023-10-10 21:05:44'),
(536, 'Banco de sementes: uma das soluções para o desenvolvimento sustentável', 'Sthefany Alves Fernandes', 'DESCADASTRAR', '2023-10-10 21:07:27'),
(537, 'Encontro de egressos do curso Técnico Integrado em Biotecnologia do Câmpus Formosa do IFG.', 'Sthefany Alves Fernandes', 'CADASTRAR', '2023-10-10 21:07:30'),
(538, 'Apresentação sobre drones e Escola Espacial Zenit Aerospace', 'Helinubia Gomes caixeta', 'CADASTRAR', '2023-10-10 21:22:37'),
(539, 'Mulheres na Ciência e Tecnologia', 'Helinubia Gomes caixeta', 'CADASTRAR', '2023-10-10 21:23:26'),
(540, 'Mulheres na Ciência e Tecnologia', 'Helinubia Gomes caixeta', 'DESCADASTRAR', '2023-10-10 21:24:10'),
(541, 'Curso de FTOOL', 'Helinubia Gomes caixeta', 'CADASTRAR', '2023-10-10 21:24:18'),
(542, 'Hackathon', 'Helinubia Gomes caixeta', 'CADASTRAR', '2023-10-10 21:24:43'),
(543, 'Oficina de tinta de terra', 'Helinubia Gomes caixeta', 'CADASTRAR', '2023-10-10 21:31:59'),
(544, 'Projeto Arquitetônico e Aprovação na Vigilância Sanitária de Estabelecimentos de Saúde', 'Helinubia Gomes caixeta', 'CADASTRAR', '2023-10-10 21:34:04'),
(545, 'SICT', 'Helinubia Gomes caixeta', 'CADASTRAR', '2023-10-10 21:35:05'),
(546, 'Oficina: Montando o Cubo Mágico', 'Helinubia Gomes caixeta', 'CADASTRAR', '2023-10-10 21:35:38'),
(547, 'Campeonato de ponte de palitos dos alunos da engenharia', 'Helinubia Gomes caixeta', 'CADASTRAR', '2023-10-10 21:36:36'),
(548, 'Usos e plantas medicinais e saberes tradicionais sobre doença e cura na umbanda', 'Natalia Ferreira Barbosa', 'CADASTRAR', '2023-10-10 21:40:00'),
(549, 'Olhando de Perto: O Sistema Imune Revelado🔍', 'Natalia Ferreira Barbosa', 'CADASTRAR', '2023-10-10 21:40:03'),
(550, 'Usos e plantas medicinais e saberes tradicionais sobre doença e cura na umbanda', 'Natalia Ferreira Barbosa', 'DESCADASTRAR', '2023-10-10 21:40:28'),
(551, 'Apresentação sobre drones e Escola Espacial Zenit Aerospace', 'Natalia Ferreira Barbosa', 'CADASTRAR', '2023-10-10 21:40:31'),
(552, 'Exposição: Competição de Catapultas', 'Natalia Ferreira Barbosa', 'CADASTRAR', '2023-10-10 21:40:45'),
(553, 'Oficina de tinta de terra', 'Natalia Ferreira Barbosa', 'CADASTRAR', '2023-10-10 21:42:05'),
(554, 'IFG em Cores: Composição dos desenhos', 'Natalia Ferreira Barbosa', 'CADASTRAR', '2023-10-10 21:43:58'),
(555, 'Oficina: Impressão 3D e Braille', 'Natalia Ferreira Barbosa', 'CADASTRAR', '2023-10-10 21:45:54'),
(556, 'Reciclando leituras', 'Natalia Ferreira Barbosa', 'CADASTRAR', '2023-10-10 21:48:43'),
(557, 'Sítios arqueológicos de Formosa-GO: pegadas para a preservação,  educação patrimonial e formação de identidades', 'Rosemary Rita de Sena', 'CADASTRAR', '2023-10-10 22:05:19'),
(558, 'Introdução à biotecnologia dos biofármacos', 'Rosemary Rita de Sena', 'CADASTRAR', '2023-10-10 22:06:19'),
(559, 'A Revolução dos RNAs', 'Cairo Henrique Vaz Cotrim', 'CADASTRAR', '2023-10-10 22:39:35'),
(560, 'IFG em Cores: Composição dos desenhos', 'Cairo Henrique Vaz Cotrim', 'CADASTRAR', '2023-10-10 22:40:20'),
(561, 'Olhando de Perto: O Sistema Imune Revelado🔍', 'Mariany Chaves Lessa', 'CADASTRAR', '2023-10-10 22:42:18'),
(562, 'Importância social, econômica e farmacológica de alcaloides encontrados em plantas endêmicas do Cerrado.', 'Jane Rodrigues Dos Santos', 'CADASTRAR', '2023-10-10 22:44:00'),
(563, 'Análise da composição do óleo essencial de Mesosphaerum  suaveolens ao longo de um ciclo diurno', 'Jane Rodrigues Dos Santos', 'CADASTRAR', '2023-10-10 22:45:12'),
(564, 'Introdução à biotecnologia dos biofármacos', 'Jane Rodrigues Dos Santos', 'CADASTRAR', '2023-10-10 22:45:41'),
(565, 'Olhando de Perto: O Sistema Imune Revelado🔍', 'Mariany Chaves Lessa', 'CADASTRAR', '2023-10-10 22:49:57'),
(566, 'Apresentação sobre drones e Escola Espacial Zenit Aerospace', 'Mariany Chaves Lessa', 'CADASTRAR', '2023-10-10 22:50:23'),
(567, 'Exposição: Competição de Catapultas', 'Mariany Chaves Lessa', 'CADASTRAR', '2023-10-10 22:50:36'),
(568, 'INTELIGÊNCIA ARTIFICIAL: Segurança Digital e Inovação Tecnológica:  Preparando Alunos para o Futuro', 'Mariany Chaves Lessa', 'CADASTRAR', '2023-10-10 22:51:00'),
(569, 'GIT e GitHub na prática!', 'Mariany Chaves Lessa', 'CADASTRAR', '2023-10-10 22:51:17'),
(570, 'Modelagem 3d com Tinkercad', 'Mariany Chaves Lessa', 'CADASTRAR', '2023-10-10 22:51:41'),
(571, 'Oficina de tipagem sanguínea', 'Mariany Chaves Lessa', 'CADASTRAR', '2023-10-10 22:52:17'),
(572, 'Mulheres na Ciência e Tecnologia', 'Mariany Chaves Lessa', 'CADASTRAR', '2023-10-10 22:52:32'),
(573, 'Oficina de Fotografia Artesanal', 'Mariany Chaves Lessa', 'CADASTRAR', '2023-10-10 22:52:40'),
(574, 'Sistema de Hidroponias', 'Mariany Chaves Lessa', 'CADASTRAR', '2023-10-10 22:53:10'),
(575, 'Olhando de Perto: O Sistema Imune Revelado🔍', 'Mariany Chaves Lessa', 'DESCADASTRAR', '2023-10-10 22:54:32'),
(576, 'Apresentação sobre drones e Escola Espacial Zenit Aerospace', 'Mariany Chaves Lessa', 'DESCADASTRAR', '2023-10-10 22:54:37'),
(577, 'Exposição: Competição de Catapultas', 'Mariany Chaves Lessa', 'DESCADASTRAR', '2023-10-10 22:54:43'),
(578, 'INTELIGÊNCIA ARTIFICIAL: Segurança Digital e Inovação Tecnológica:  Preparando Alunos para o Futuro', 'Mariany Chaves Lessa', 'DESCADASTRAR', '2023-10-10 22:54:54'),
(579, 'GIT e GitHub na prática!', 'Mariany Chaves Lessa', 'DESCADASTRAR', '2023-10-10 22:55:00'),
(580, 'Modelagem 3d com Tinkercad', 'Mariany Chaves Lessa', 'DESCADASTRAR', '2023-10-10 22:55:06'),
(581, 'Oficina de tipagem sanguínea', 'Mariany Chaves Lessa', 'DESCADASTRAR', '2023-10-10 22:55:18'),
(582, 'Mulheres na Ciência e Tecnologia', 'Mariany Chaves Lessa', 'DESCADASTRAR', '2023-10-10 22:55:21'),
(583, 'Oficina de Fotografia Artesanal', 'Mariany Chaves Lessa', 'DESCADASTRAR', '2023-10-10 22:55:30'),
(584, 'Introdução ao PH da água e captação de água da chuva', 'Mariany Chaves Lessa', 'DESCADASTRAR', '2023-10-10 22:55:38'),
(585, 'Sistema de Hidroponias', 'Mariany Chaves Lessa', 'DESCADASTRAR', '2023-10-10 22:55:47'),
(586, 'Exposição: O Fantástico Mundo da Zoologia', 'Lucimar Oliveira dos anjos', 'CADASTRAR', '2023-10-10 22:57:57'),
(587, 'Exposição: O Fantástico Mundo da Zoologia', 'Lucimar Oliveira dos anjos', 'DESCADASTRAR', '2023-10-10 22:58:01'),
(588, 'Importância social, econômica e farmacológica de alcaloides encontrados em plantas endêmicas do Cerrado.', 'Lucimar Oliveira dos anjos', 'CADASTRAR', '2023-10-10 22:58:51'),
(589, 'Importância social, econômica e farmacológica de alcaloides encontrados em plantas endêmicas do Cerrado.', 'Lucimar Oliveira dos anjos', 'DESCADASTRAR', '2023-10-10 22:58:54'),
(590, 'Importância social, econômica e farmacológica de alcaloides encontrados em plantas endêmicas do Cerrado.', 'Lucimar Oliveira dos anjos', 'CADASTRAR', '2023-10-10 22:58:55'),
(591, 'INTELIGÊNCIA ARTIFICIAL: Segurança Digital e Inovação Tecnológica:  Preparando Alunos para o Futuro', 'Micaely neres de Carvalho', 'CADASTRAR', '2023-10-10 23:07:03'),
(592, 'Compartilhando sabores e saberes: importância da agricultura familiar para a sociedade moderna', 'Raquel da Silva Rodrigues', 'CADASTRAR', '2023-10-10 23:35:48'),
(593, 'Compartilhando sabores e saberes: importância da agricultura familiar para a sociedade moderna', 'Raquel da Silva Rodrigues', 'DESCADASTRAR', '2023-10-10 23:35:52'),
(594, 'Compartilhando sabores e saberes: importância da agricultura familiar para a sociedade moderna', 'Raquel da Silva Rodrigues', 'CADASTRAR', '2023-10-10 23:35:54'),
(595, 'A Revolução dos RNAs', 'Raquel da Silva Rodrigues', 'CADASTRAR', '2023-10-10 23:37:46'),
(596, 'Modelagem 3d com Tinkercad', 'Raquel da Silva Rodrigues', 'CADASTRAR', '2023-10-10 23:38:47'),
(597, 'Apresentação sobre drones e Escola Espacial Zenit Aerospace', 'João Victor Campos Valente', 'CADASTRAR', '2023-10-10 23:41:19'),
(598, 'INTELIGÊNCIA ARTIFICIAL: Segurança Digital e Inovação Tecnológica:  Preparando Alunos para o Futuro', 'João Victor Campos Valente', 'CADASTRAR', '2023-10-10 23:42:58'),
(599, 'Compartilhando sabores e saberes: importância da agricultura familiar para a sociedade moderna', 'Eliane Fernandes Pereira da Cruz', 'CADASTRAR', '2023-10-10 23:45:45'),
(600, 'Oficina: Impressão 3D e Braille', 'João Victor Campos Valente', 'CADASTRAR', '2023-10-10 23:47:08'),
(601, 'IFG em Cores: Pintura dos Muros', 'JÚLIA IRINEU LIMA', 'CADASTRAR', '2023-10-11 00:03:03'),
(602, 'Grafites antirracistas no campus', 'JÚLIA IRINEU LIMA', 'CADASTRAR', '2023-10-11 00:03:23'),
(603, 'IFG em Cores: Composição dos desenhos', 'JÚLIA IRINEU LIMA', 'CADASTRAR', '2023-10-11 00:05:03'),
(604, 'Grafites antirracistas no campus', 'Ramon', 'DESCADASTRAR', '2023-10-11 00:23:23'),
(605, 'Sítios arqueológicos de Formosa-GO: pegadas para a preservação,  educação patrimonial e formação de identidades', 'Ramon', 'CADASTRAR', '2023-10-11 00:23:27'),
(606, 'Introdução à biotecnologia dos biofármacos', 'Raquel da Silva Rodrigues', 'CADASTRAR', '2023-10-11 00:24:35'),
(607, 'Importância social, econômica e farmacológica de alcaloides encontrados em plantas endêmicas do Cerrado.', 'Keliany Cardoso Maciel Da Silva', 'CADASTRAR', '2023-10-11 00:26:58'),
(608, 'Compartilhando sabores e saberes: importância da agricultura familiar para a sociedade moderna', 'Keliany Cardoso Maciel Da Silva', 'CADASTRAR', '2023-10-11 00:27:11'),
(609, 'Compartilhando sabores e saberes: importância da agricultura familiar para a sociedade moderna', 'Lionezia Camila Guimarães Azevedo', 'CADASTRAR', '2023-10-11 00:27:23'),
(610, 'Importância social, econômica e farmacológica de alcaloides encontrados em plantas endêmicas do Cerrado.', 'Raquel da Silva Rodrigues', 'CADASTRAR', '2023-10-11 00:30:53'),
(611, 'Apresentação sobre drones e Escola Espacial Zenit Aerospace', 'Raquel da Silva Rodrigues', 'CADASTRAR', '2023-10-11 00:31:27'),
(612, 'Oficina de Fotografia Artesanal', 'Lionezia Camila Guimarães Azevedo', 'CADASTRAR', '2023-10-11 00:31:49'),
(613, 'Oficina de Fotografia Artesanal', 'Lionezia Camila Guimarães Azevedo', 'DESCADASTRAR', '2023-10-11 00:31:50'),
(614, 'Campeonato de ponte de palitos dos alunos da engenharia', 'Lionezia Camila Guimarães Azevedo', 'CADASTRAR', '2023-10-11 00:32:17'),
(615, 'Campeonato de ponte de palitos dos alunos da engenharia', 'Keliany Cardoso Maciel Da Silva', 'CADASTRAR', '2023-10-11 00:33:59'),
(616, 'Introdução à biotecnologia dos biofármacos', 'Lionezia Camila Guimarães Azevedo', 'CADASTRAR', '2023-10-11 00:34:37'),
(617, 'Introdução à biotecnologia dos biofármacos', 'Keliany Cardoso Maciel Da Silva', 'CADASTRAR', '2023-10-11 00:34:43'),
(618, 'Técnicas e ensaios in vitro aplicados a pesquisa científica.', 'Ana Kamylle Inacio Fernandes', 'CADASTRAR', '2023-10-11 01:32:16'),
(619, 'IFG em Cores: Composição dos desenhos', 'Ana Kamylle Inacio Fernandes', 'CADASTRAR', '2023-10-11 01:32:57'),
(620, 'I Encontro de Egressos do Curso Técnico em Saneamento do Câmpus Formosa do IFG', 'Ana Kamylle Inacio Fernandes', 'CADASTRAR', '2023-10-11 01:33:50'),
(621, 'I Encontro de Egressos do Curso Técnico em Saneamento do Câmpus Formosa do IFG', 'Ana Kamylle Inacio Fernandes', 'DESCADASTRAR', '2023-10-11 01:33:51'),
(622, 'Grafites antirracistas no campus', 'Ana Kamylle Inacio Fernandes', 'CADASTRAR', '2023-10-11 01:34:41'),
(623, 'Oficina: Impressão 3D e Braille', 'Ramon', 'DESCADASTRAR', '2023-10-11 01:34:42'),
(624, 'I Encontro de Egressos do Curso Técnico em Saneamento do Câmpus Formosa do IFG', 'Ramon', 'DESCADASTRAR', '2023-10-11 01:34:50'),
(625, 'SICT', 'Ramon', 'DESCADASTRAR', '2023-10-11 01:34:52'),
(626, 'Compartilhando sabores e saberes: importância da agricultura familiar para a sociedade moderna', 'Ramon', 'CADASTRAR', '2023-10-11 01:34:56'),
(627, 'Oficina de Fotografia Artesanal', 'Ana Kamylle Inacio Fernandes', 'CADASTRAR', '2023-10-11 01:35:33'),
(628, 'Encontro de egressos do curso Técnico Integrado em Biotecnologia do Câmpus Formosa do IFG.', 'Ana Kamylle Inacio Fernandes', 'CADASTRAR', '2023-10-11 01:35:54'),
(629, 'Grafites antirracistas no campus', 'Rubens Pires Mateus Filho', 'CADASTRAR', '2023-10-11 01:38:14'),
(630, 'IFG em Cores: Composição dos desenhos', 'Rubens Pires Mateus Filho', 'CADASTRAR', '2023-10-11 01:38:37'),
(631, 'IFG em Cores: Pintura dos Muros', 'Rubens Pires Mateus Filho', 'CADASTRAR', '2023-10-11 01:39:36'),
(632, 'Grafites antirracistas no campus', 'Rubens Pires Mateus Filho', 'CADASTRAR', '2023-10-11 01:40:06'),
(633, 'Encontro de egressos do curso Técnico Integrado em Biotecnologia do Câmpus Formosa do IFG.', 'Rubens Pires Mateus Filho', 'CADASTRAR', '2023-10-11 01:40:38'),
(634, 'Oficina de Fotografia Artesanal', 'Rubens Pires Mateus Filho', 'CADASTRAR', '2023-10-11 01:40:54'),
(635, 'Compartilhando sabores e saberes: importância da agricultura familiar para a sociedade moderna', 'Jane Rodrigues Dos Santos', 'CADASTRAR', '2023-10-11 01:43:29'),
(636, 'Curso de FTOOL', 'Nicole Swell Evangelista do Carmo', 'CADASTRAR', '2023-10-11 01:50:28'),
(637, 'Oficina de tinta de terra', 'Nicole Swell Evangelista do Carmo', 'CADASTRAR', '2023-10-11 01:51:19'),
(638, 'Palestra Pisos e revestimentos', 'Nicole Swell Evangelista do Carmo', 'CADASTRAR', '2023-10-11 01:55:30'),
(639, 'Campeonato de ponte de palitos dos alunos da engenharia', 'Nicole Swell Evangelista do Carmo', 'CADASTRAR', '2023-10-11 01:58:40'),
(640, 'Sistema de Hidroponias', 'Nicole Swell Evangelista do Carmo', 'CADASTRAR', '2023-10-11 02:04:05'),
(641, 'IFG em Cores: Pintura dos Muros', 'Karoline da Silva Tavares', 'DESCADASTRAR', '2023-10-11 07:47:29'),
(642, 'Grafites antirracistas no campus', 'Karoline da Silva Tavares', 'DESCADASTRAR', '2023-10-11 07:47:39'),
(643, 'Compartilhando sabores e saberes: importância da agricultura familiar para a sociedade moderna', 'Karoline da Silva Tavares', 'CADASTRAR', '2023-10-11 07:47:43'),
(644, 'Exposição: O Fantástico Mundo da Zoologia', 'Camila Oliveira e Silva', 'CADASTRAR', '2023-10-11 10:04:34'),
(645, 'Técnicas e ensaios in vitro aplicados a pesquisa científica.', 'Emanuela Fernandes Ribeiro', 'CADASTRAR', '2023-10-11 10:09:17'),
(646, 'IFG em Cores: Composição dos desenhos', 'Emanuela Fernandes Ribeiro', 'CADASTRAR', '2023-10-11 10:11:07'),
(647, 'Grafites antirracistas no campus', 'Emanuela Fernandes Ribeiro', 'CADASTRAR', '2023-10-11 10:11:46'),
(648, 'Oficina de Fotografia Artesanal', 'Emanuela Fernandes Ribeiro', 'CADASTRAR', '2023-10-11 10:12:26'),
(649, 'INTELIGÊNCIA ARTIFICIAL: Segurança Digital e Inovação Tecnológica:  Preparando Alunos para o Futuro', 'Sueny Vitória Almeida Rabêlo', 'CADASTRAR', '2023-10-11 10:14:05'),
(650, 'Exposição: Competição de Catapultas', 'Sueny Vitória Almeida Rabêlo', 'CADASTRAR', '2023-10-11 10:14:22'),
(651, 'Hackathon', 'Ana Clara Lopes Bezerra de Oliveira', 'CADASTRAR', '2023-10-11 10:15:35'),
(652, 'Hackathon', 'Ana Clara Lopes Bezerra de Oliveira', 'DESCADASTRAR', '2023-10-11 10:15:40'),
(653, 'Hackathon', 'Ana Clara Lopes Bezerra de Oliveira', 'CADASTRAR', '2023-10-11 10:15:40'),
(654, 'Hackathon', 'Ana Clara Lopes Bezerra de Oliveira', 'DESCADASTRAR', '2023-10-11 10:15:41'),
(655, 'Exposição: O Fantástico Mundo da Zoologia', 'Ana Clara Lopes Bezerra de Oliveira', 'CADASTRAR', '2023-10-11 10:15:57'),
(656, 'Exposição: O Fantástico Mundo da Zoologia', 'Ana Clara Lopes Bezerra de Oliveira', 'DESCADASTRAR', '2023-10-11 10:16:31'),
(657, 'Apresentação sobre drones e Escola Espacial Zenit Aerospace', 'Ana Clara Lopes Bezerra de Oliveira', 'CADASTRAR', '2023-10-11 10:16:34'),
(658, 'Apresentação sobre drones e Escola Espacial Zenit Aerospace', 'Ana Clara Lopes Bezerra de Oliveira', 'DESCADASTRAR', '2023-10-11 10:16:36'),
(659, 'Exposição: Competição de Catapultas', 'Ana Clara Lopes Bezerra de Oliveira', 'CADASTRAR', '2023-10-11 10:16:38'),
(660, 'Mulheres na Ciência e Tecnologia', 'Ana Clara Lopes Bezerra de Oliveira', 'CADASTRAR', '2023-10-11 10:16:55'),
(661, 'Mulheres na Ciência e Tecnologia', 'Ana Clara Lopes Bezerra de Oliveira', 'DESCADASTRAR', '2023-10-11 10:16:58'),
(662, 'Mulheres na Ciência e Tecnologia', 'Ana Clara Lopes Bezerra de Oliveira', 'CADASTRAR', '2023-10-11 10:18:09'),
(663, 'Mulheres na Ciência e Tecnologia', 'Ana Clara Lopes Bezerra de Oliveira', 'DESCADASTRAR', '2023-10-11 10:18:14'),
(664, 'SICT', 'Ana Clara Lopes Bezerra de Oliveira', 'CADASTRAR', '2023-10-11 10:18:18'),
(665, 'Exposição: O Fantástico Mundo da Zoologia', 'Pedro Henrique Fernandes Gomes', 'CADASTRAR', '2023-10-11 10:23:19'),
(666, 'Exposição: O Fantástico Mundo da Zoologia', 'Pedro Henrique Fernandes Gomes', 'DESCADASTRAR', '2023-10-11 10:23:22'),
(667, 'Exposição: O Fantástico Mundo da Zoologia', 'Pedro Henrique Fernandes Gomes', 'CADASTRAR', '2023-10-11 10:23:23'),
(668, 'Exposição: O Fantástico Mundo da Zoologia', 'Pedro Henrique Fernandes Gomes', 'DESCADASTRAR', '2023-10-11 10:23:25'),
(669, 'Exposição: O Fantástico Mundo da Zoologia', 'Pedro Henrique Fernandes Gomes', 'CADASTRAR', '2023-10-11 10:23:26'),
(670, 'Exposição: O Fantástico Mundo da Zoologia', 'Pedro Henrique Fernandes Gomes', 'DESCADASTRAR', '2023-10-11 10:23:27'),
(671, 'Exposição: O Fantástico Mundo da Zoologia', 'Pedro Henrique Fernandes Gomes', 'CADASTRAR', '2023-10-11 10:23:28'),
(672, 'Exposição: O Fantástico Mundo da Zoologia', 'Pedro Henrique Fernandes Gomes', 'DESCADASTRAR', '2023-10-11 10:23:29'),
(673, 'Exposição: O Fantástico Mundo da Zoologia', 'Pedro Henrique Fernandes Gomes', 'CADASTRAR', '2023-10-11 10:23:29'),
(674, 'Exposição: O Fantástico Mundo da Zoologia', 'Pedro Henrique Fernandes Gomes', 'DESCADASTRAR', '2023-10-11 10:23:29'),
(675, 'Exposição: O Fantástico Mundo da Zoologia', 'Pedro Henrique Fernandes Gomes', 'CADASTRAR', '2023-10-11 10:23:30'),
(676, 'Exposição: O Fantástico Mundo da Zoologia', 'Pedro Henrique Fernandes Gomes', 'DESCADASTRAR', '2023-10-11 10:23:30'),
(677, 'Exposição: O Fantástico Mundo da Zoologia', 'Pedro Henrique Fernandes Gomes', 'CADASTRAR', '2023-10-11 10:23:31'),
(678, 'Exposição: O Fantástico Mundo da Zoologia', 'Pedro Henrique Fernandes Gomes', 'DESCADASTRAR', '2023-10-11 10:23:31'),
(679, 'Exposição: O Fantástico Mundo da Zoologia', 'Pedro Henrique Fernandes Gomes', 'CADASTRAR', '2023-10-11 10:23:31'),
(680, 'Exposição: O Fantástico Mundo da Zoologia', 'Pedro Henrique Fernandes Gomes', 'DESCADASTRAR', '2023-10-11 10:23:31'),
(681, 'Exposição: O Fantástico Mundo da Zoologia', 'Pedro Henrique Fernandes Gomes', 'CADASTRAR', '2023-10-11 10:23:47'),
(682, 'Exposição: O Fantástico Mundo da Zoologia', 'Pedro Henrique Fernandes Gomes', 'DESCADASTRAR', '2023-10-11 10:23:49'),
(683, 'Exposição: O Fantástico Mundo da Zoologia', 'Pedro Henrique Fernandes Gomes', 'CADASTRAR', '2023-10-11 10:23:50'),
(684, 'Exposição: O Fantástico Mundo da Zoologia', 'Pedro Henrique Fernandes Gomes', 'DESCADASTRAR', '2023-10-11 10:23:50'),
(685, 'Grafites antirracistas no campus', 'Pedro Henrique Fernandes Gomes', 'CADASTRAR', '2023-10-11 10:24:37'),
(686, 'Grafites antirracistas no campus', 'Pedro Henrique Fernandes Gomes', 'DESCADASTRAR', '2023-10-11 10:24:39'),
(687, 'Grafites antirracistas no campus', 'Pedro Henrique Fernandes Gomes', 'CADASTRAR', '2023-10-11 10:24:42'),
(688, 'Grafites antirracistas no campus', 'Pedro Henrique Fernandes Gomes', 'DESCADASTRAR', '2023-10-11 10:24:55'),
(689, 'Grafites antirracistas no campus', 'Pedro Henrique Fernandes Gomes', 'CADASTRAR', '2023-10-11 10:24:56'),
(690, 'Oficina: Impressão 3D e Braille', 'Erik Takeshi Miura', 'DESCADASTRAR', '2023-10-11 10:33:45'),
(691, 'Modelagem 3d com Tinkercad', 'Erik Takeshi Miura', 'CADASTRAR', '2023-10-11 10:34:20'),
(692, 'Hackathon', 'Sueny Vitória Almeida Rabêlo', 'CADASTRAR', '2023-10-11 10:38:12'),
(693, 'INTELIGÊNCIA ARTIFICIAL: Segurança Digital e Inovação Tecnológica:  Preparando Alunos para o Futuro', 'Erik Takeshi Miura', 'CADASTRAR', '2023-10-11 10:38:16'),
(694, 'SICT', 'Erik Takeshi Miura', 'CADASTRAR', '2023-10-11 10:47:59'),
(695, 'SICT', 'Erik Takeshi Miura', 'DESCADASTRAR', '2023-10-11 10:47:59'),
(696, 'SICT', 'Erik Takeshi Miura', 'CADASTRAR', '2023-10-11 10:47:59'),
(697, 'SICT', 'Erik Takeshi Miura', 'DESCADASTRAR', '2023-10-11 10:47:59'),
(698, 'SICT', 'Erik Takeshi Miura', 'CADASTRAR', '2023-10-11 10:48:00'),
(699, 'Oficina de Construção de Telescópios', 'Erik Takeshi Miura', 'CADASTRAR', '2023-10-11 10:48:50'),
(700, 'Importância social, econômica e farmacológica de alcaloides encontrados em plantas endêmicas do Cerrado.', 'Keliany Cardoso Maciel Da Silva', 'DESCADASTRAR', '2023-10-11 11:58:28'),
(701, 'Trabalho Preventivo às ISTs e suas manifestações na saúde bucal.', 'Keliany Cardoso Maciel Da Silva', 'CADASTRAR', '2023-10-11 11:58:31'),
(702, 'Oficina: Impressão 3D e Braille', 'Natalia Ferreira Barbosa', 'DESCADASTRAR', '2023-10-11 12:31:49'),
(703, 'Compartilhando sabores e saberes: importância da agricultura familiar para a sociedade moderna', 'Natalia Ferreira Barbosa', 'CADASTRAR', '2023-10-11 12:31:51'),
(704, 'Compartilhando sabores e saberes: importância da agricultura familiar para a sociedade moderna', 'Nayra Vitória Rodrigues da Silva', 'CADASTRAR', '2023-10-11 12:33:05'),
(705, 'Compartilhando sabores e saberes: importância da agricultura familiar para a sociedade moderna', 'Letícia Rosa de Jesus Batista', 'CADASTRAR', '2023-10-11 12:34:32'),
(706, 'Exposição: Competição de Catapultas', 'Nayra Vitória Rodrigues da Silva', 'CADASTRAR', '2023-10-11 12:43:37'),
(707, 'Exposição: Competição de Catapultas', 'Letícia Rosa de Jesus Batista', 'CADASTRAR', '2023-10-11 12:43:38'),
(708, 'Oficina de tinta de terra', 'Nayra Vitória Rodrigues da Silva', 'CADASTRAR', '2023-10-11 12:52:04'),
(709, 'Oficina de tinta de terra', 'Letícia Rosa de Jesus Batista', 'CADASTRAR', '2023-10-11 12:52:05'),
(710, 'Reciclando leituras', 'Natalia Ferreira Barbosa', 'DESCADASTRAR', '2023-10-11 12:53:09'),
(711, 'Técnicas e ensaios in vitro aplicados a pesquisa científica.', 'Isabella Vieira', 'CADASTRAR', '2023-10-11 13:14:41'),
(712, 'IFG em Cores: Composição dos desenhos', 'Isabella Vieira', 'CADASTRAR', '2023-10-11 13:15:01'),
(713, 'Grafites antirracistas no campus', 'Isabella Vieira', 'CADASTRAR', '2023-10-11 13:15:36'),
(714, 'Oficina de Fotografia Artesanal', 'Isabella Vieira', 'CADASTRAR', '2023-10-11 13:15:47'),
(715, 'Encontro de egressos do curso Técnico Integrado em Biotecnologia do Câmpus Formosa do IFG.', 'Isabella Vieira', 'CADASTRAR', '2023-10-11 13:15:58'),
(716, 'INTELIGÊNCIA ARTIFICIAL: Segurança Digital e Inovação Tecnológica:  Preparando Alunos para o Futuro', 'Camilly Lopes Dias', 'CADASTRAR', '2023-10-11 14:10:34'),
(717, 'Grafites antirracistas no campus', 'Camilly Lopes Dias', 'CADASTRAR', '2023-10-11 14:12:54'),
(718, 'Grafites antirracistas no campus', 'Micaely neres de Carvalho', 'CADASTRAR', '2023-10-11 14:20:51'),
(719, 'Exposição: Competição de Catapultas', 'Camilly Lopes Dias', 'CADASTRAR', '2023-10-11 14:21:35'),
(720, 'Exposição: Competição de Catapultas', 'Micaely neres de Carvalho', 'CADASTRAR', '2023-10-11 14:22:15'),
(721, 'IFG em Cores: Pintura dos Muros', 'Micaely neres de Carvalho', 'CADASTRAR', '2023-10-11 14:23:50'),
(722, 'IFG em Cores: Pintura dos Muros', 'Camilly Lopes Dias', 'CADASTRAR', '2023-10-11 14:23:50'),
(723, 'Grafites antirracistas no campus', 'Camilly Lopes Dias', 'CADASTRAR', '2023-10-11 14:24:51'),
(724, 'Grafites antirracistas no campus', 'Micaely neres de Carvalho', 'CADASTRAR', '2023-10-11 14:24:54'),
(725, 'Mulheres na Ciência e Tecnologia', 'Bernardo Vieira', 'CADASTRAR', '2023-10-11 14:42:25'),
(726, 'SICT', 'Bernardo Vieira', 'CADASTRAR', '2023-10-11 14:44:42'),
(727, 'Sociologia Rural e familiar', 'Bernardo Vieira', 'CADASTRAR', '2023-10-11 14:45:31'),
(728, 'Campeonato de ponte de palitos dos alunos da engenharia', 'Bernardo Vieira', 'CADASTRAR', '2023-10-11 14:45:33'),
(729, 'Hackathon', 'Soraia ferreira fogaca', 'CADASTRAR', '2023-10-11 14:48:34'),
(730, 'Hackathon', 'Soraia ferreira fogaca', 'DESCADASTRAR', '2023-10-11 14:48:39'),
(731, 'Hackathon', 'Emilly karoline Alves de Oliveira Silva', 'CADASTRAR', '2023-10-11 14:48:48'),
(732, 'Exposição: Competição de Catapultas', 'Emilly karoline Alves de Oliveira Silva', 'CADASTRAR', '2023-10-11 14:48:59'),
(733, 'Mulheres na Ciência e Tecnologia', 'Emilly karoline Alves de Oliveira Silva', 'CADASTRAR', '2023-10-11 14:49:51'),
(734, 'INTELIGÊNCIA ARTIFICIAL: Segurança Digital e Inovação Tecnológica:  Preparando Alunos para o Futuro', 'Emilly karoline Alves de Oliveira Silva', 'CADASTRAR', '2023-10-11 14:50:07'),
(735, 'Oficina: Impressão 3D e Braille', 'Emilly karoline Alves de Oliveira Silva', 'CADASTRAR', '2023-10-11 14:50:51'),
(736, 'Oficina de Construção de Telescópios', 'Soraia ferreira fogaca', 'CADASTRAR', '2023-10-11 14:51:04'),
(737, 'Oficina: Impressão 3D e Braille', 'Emilly karoline Alves de Oliveira Silva', 'DESCADASTRAR', '2023-10-11 14:51:09'),
(738, 'IFG em Cores: Pintura dos Muros', 'Emilly karoline Alves de Oliveira Silva', 'CADASTRAR', '2023-10-11 14:51:15'),
(739, 'Croqui e Perspectiva dentro da Arquitetura e Urbanismo', 'Sueny Vitória Almeida Rabêlo', 'CADASTRAR', '2023-10-11 14:53:38'),
(740, 'Oficina: Montando o Cubo Mágico', 'Emilly karoline Alves de Oliveira Silva', 'CADASTRAR', '2023-10-11 14:53:45'),
(741, 'Oficina: Montando o Cubo Mágico', 'Emilly karoline Alves de Oliveira Silva', 'DESCADASTRAR', '2023-10-11 14:53:46'),
(742, 'Croqui e Perspectiva dentro da Arquitetura e Urbanismo', 'Emilly karoline Alves de Oliveira Silva', 'CADASTRAR', '2023-10-11 14:54:22'),
(743, 'Mulheres na Ciência e Tecnologia', 'Emilly karoline Alves de Oliveira Silva', 'DESCADASTRAR', '2023-10-11 14:54:56'),
(744, 'Hackathon', 'Soraia ferreira fogaca', 'CADASTRAR', '2023-10-11 14:59:17'),
(745, 'Grafites antirracistas no campus', 'Theo Américo Cavalcante Cruz', 'CADASTRAR', '2023-10-11 15:01:05'),
(746, 'IFG em Cores: Composição dos desenhos', 'Theo Américo Cavalcante Cruz', 'CADASTRAR', '2023-10-11 15:05:20'),
(747, 'IFG em Cores: Pintura dos Muros', 'Theo Américo Cavalcante Cruz', 'CADASTRAR', '2023-10-11 15:06:05'),
(748, 'Grafites antirracistas no campus', 'André Iago Carvalho Luiz', 'CADASTRAR', '2023-10-11 15:06:10'),
(749, 'IFG em Cores: Composição dos desenhos', 'André Iago Carvalho Luiz', 'CADASTRAR', '2023-10-11 15:07:38'),
(750, 'Grafites antirracistas no campus', 'Theo Américo Cavalcante Cruz', 'DESCADASTRAR', '2023-10-11 15:08:07'),
(751, 'Grafites antirracistas no campus', 'André Iago Carvalho Luiz', 'DESCADASTRAR', '2023-10-11 15:08:15'),
(752, 'Exposição: Competição de Catapultas', 'André Iago Carvalho Luiz', 'CADASTRAR', '2023-10-11 15:08:16'),
(753, 'Exposição: Competição de Catapultas', 'Theo Américo Cavalcante Cruz', 'CADASTRAR', '2023-10-11 15:08:20'),
(754, 'IFG em Cores: Pintura dos Muros', 'André Iago Carvalho Luiz', 'CADASTRAR', '2023-10-11 15:09:20'),
(755, 'Oficina de Fotografia Artesanal', 'André Iago Carvalho Luiz', 'CADASTRAR', '2023-10-11 15:10:03'),
(756, 'Oficina de Construção de Telescópios', 'André Iago Carvalho Luiz', 'CADASTRAR', '2023-10-11 15:10:46'),
(757, 'Oficina de Construção de Telescópios', 'Theo Américo Cavalcante Cruz', 'CADASTRAR', '2023-10-11 15:11:11'),
(758, 'Hackathon', 'Pedro Henrique Fernandes Gomes', 'CADASTRAR', '2023-10-11 15:12:07'),
(759, 'Exposição: Competição de Catapultas', 'Miguel Henrique Gomes da Mota', 'CADASTRAR', '2023-10-11 15:12:12'),
(760, 'Hackathon', 'Pedro Henrique Fernandes Gomes', 'DESCADASTRAR', '2023-10-11 15:12:12'),
(761, 'Exposição: Competição de Catapultas', 'Miguel Henrique Gomes da Mota', 'DESCADASTRAR', '2023-10-11 15:12:16'),
(762, 'Exposição: Competição de Catapultas', 'Miguel Henrique Gomes da Mota', 'CADASTRAR', '2023-10-11 15:12:22'),
(763, 'Exposição: Competição de Catapultas', 'Miguel Henrique Gomes da Mota', 'DESCADASTRAR', '2023-10-11 15:12:23'),
(764, 'Exposição: Competição de Catapultas', 'Miguel Henrique Gomes da Mota', 'CADASTRAR', '2023-10-11 15:12:25'),
(765, 'Hackathon', 'Pedro Henrique Fernandes Gomes', 'CADASTRAR', '2023-10-11 15:12:26'),
(766, 'Hackathon', 'Pedro Henrique Fernandes Gomes', 'DESCADASTRAR', '2023-10-11 15:12:27'),
(767, 'Hackathon', 'Pedro Henrique Fernandes Gomes', 'CADASTRAR', '2023-10-11 15:12:28'),
(768, 'Hackathon', 'Pedro Henrique Fernandes Gomes', 'DESCADASTRAR', '2023-10-11 15:12:29'),
(769, 'Hackathon', 'Pedro Henrique Fernandes Gomes', 'CADASTRAR', '2023-10-11 15:12:30'),
(770, 'Exposição: Competição de Catapultas', 'Miguel Henrique Gomes da Mota', 'DESCADASTRAR', '2023-10-11 15:12:31'),
(771, 'Exposição: Competição de Catapultas', 'Miguel Henrique Gomes da Mota', 'CADASTRAR', '2023-10-11 15:12:35'),
(772, 'IFG em Cores: Composição dos desenhos', 'Theo Américo Cavalcante Cruz', 'DESCADASTRAR', '2023-10-11 15:12:40'),
(773, 'Grafites antirracistas no campus', 'Theo Américo Cavalcante Cruz', 'CADASTRAR', '2023-10-11 15:12:50'),
(774, 'Exposição: Competição de Catapultas', 'Miguel Henrique Gomes da Mota', 'DESCADASTRAR', '2023-10-11 15:12:57'),
(775, 'Exposição: Competição de Catapultas', 'Miguel Henrique Gomes da Mota', 'CADASTRAR', '2023-10-11 15:12:58'),
(776, 'Exposição: Competição de Catapultas', 'Miguel Henrique Gomes da Mota', 'DESCADASTRAR', '2023-10-11 15:13:00'),
(777, 'Exposição: Competição de Catapultas', 'Miguel Henrique Gomes da Mota', 'CADASTRAR', '2023-10-11 15:13:05'),
(778, 'Exposição: Competição de Catapultas', 'Miguel Henrique Gomes da Mota', 'DESCADASTRAR', '2023-10-11 15:13:20'),
(779, 'Exposição: Competição de Catapultas', 'Miguel Henrique Gomes da Mota', 'CADASTRAR', '2023-10-11 15:13:24'),
(780, 'Grafites antirracistas no campus', 'Miguel Henrique Gomes da Mota', 'CADASTRAR', '2023-10-11 15:13:53'),
(781, 'IFG em Cores: Pintura dos Muros', 'Miguel Henrique Gomes da Mota', 'CADASTRAR', '2023-10-11 15:14:24'),
(782, 'Oficina de Fotografia Artesanal', 'Miguel Henrique Gomes da Mota', 'CADASTRAR', '2023-10-11 15:15:06'),
(783, 'Oficina de Construção de Telescópios', 'Miguel Henrique Gomes da Mota', 'CADASTRAR', '2023-10-11 15:15:24'),
(784, 'Olhando de Perto: O Sistema Imune Revelado🔍', 'Isabella Valadares de Oliveira', 'CADASTRAR', '2023-10-11 15:22:36'),
(785, 'INTELIGÊNCIA ARTIFICIAL: Segurança Digital e Inovação Tecnológica:  Preparando Alunos para o Futuro', 'Isabella Valadares de Oliveira', 'CADASTRAR', '2023-10-11 15:24:11'),
(786, 'Divergir sem destruir: sobre tolerância e sociedade democrática', 'Isabella Valadares de Oliveira', 'CADASTRAR', '2023-10-11 15:26:11'),
(787, 'Palestra Pisos e revestimentos', 'Bruno Da Silva Sousa', 'CADASTRAR', '2023-10-11 15:58:23'),
(788, 'Exposição: Competição de Catapultas', 'Maylla Sabate Gonçalves', 'CADASTRAR', '2023-10-11 16:16:37'),
(789, 'Curso de FTOOL', 'Maylla Sabate Gonçalves', 'CADASTRAR', '2023-10-11 16:20:34'),
(790, 'Oficina: Impressão 3D e Braille', 'Maylla Sabate Gonçalves', 'CADASTRAR', '2023-10-11 16:21:42'),
(791, 'Oficina: Impressão 3D e Braille', 'Maylla Sabate Gonçalves', 'DESCADASTRAR', '2023-10-11 16:21:46'),
(792, 'Campeonato de ponte de palitos dos alunos da engenharia', 'Maylla Sabate Gonçalves', 'CADASTRAR', '2023-10-11 16:22:47'),
(793, 'Mulheres na Ciência e Tecnologia', 'Renata da Conceição Alves', 'CADASTRAR', '2023-10-11 16:24:22'),
(794, 'Hackathon', 'Maycon Douglas', 'DESCADASTRAR', '2023-10-11 16:48:57'),
(795, 'Hackathon', 'Maycon Douglas', 'CADASTRAR', '2023-10-11 16:49:03'),
(796, 'Oficina: Impressão 3D e Braille', 'Maycon Douglas', 'CADASTRAR', '2023-10-11 17:14:52'),
(797, 'Oficina: Impressão 3D e Braille', 'Maycon Douglas', 'DESCADASTRAR', '2023-10-11 17:17:58'),
(798, 'Oficina: Impressão 3D e Braille', 'Maycon Douglas', 'CADASTRAR', '2023-10-11 17:17:59'),
(799, 'Oficina: Impressão 3D e Braille', 'Maycon Douglas', 'DESCADASTRAR', '2023-10-11 17:18:05'),
(800, 'Hackathon', 'Maycon Douglas', 'DESCADASTRAR', '2023-10-11 17:52:13'),
(801, 'Usos e plantas medicinais e saberes tradicionais sobre doença e cura na umbanda', 'Theo Américo Cavalcante Cruz', 'CADASTRAR', '2023-10-11 18:10:28'),
(802, 'Exposição: O Fantástico Mundo da Zoologia', 'Rayane avelino dos Santos', 'DESCADASTRAR', '2023-10-11 18:18:47'),
(803, 'Exposição: Competição de Catapultas', 'Rayane avelino dos Santos', 'CADASTRAR', '2023-10-11 18:19:02'),
(804, 'SICT', 'Vinícius Silva Pinto', 'CADASTRAR', '2023-10-11 18:47:09'),
(805, 'Compartilhando sabores e saberes: importância da agricultura familiar para a sociedade moderna', 'Poliana Souza muniz', 'CADASTRAR', '2023-10-11 19:44:37'),
(806, 'Hackathon', 'Maycon Douglas', 'CADASTRAR', '2023-10-11 19:55:41'),
(807, 'Olhando de Perto: O Sistema Imune Revelado🔍', 'Jeniffer Santana Pereira Santos', 'CADASTRAR', '2023-10-11 20:23:29'),
(808, 'Oficina: Impressão 3D e Braille', 'Jeniffer Santana Pereira Santos', 'CADASTRAR', '2023-10-11 20:24:11'),
(809, 'Curso de FTOOL', 'Clemildo José de Ataides Filho', 'CADASTRAR', '2023-10-11 20:27:24'),
(810, 'Exposição: Competição de Catapultas', 'Clemildo José de Ataides Filho', 'CADASTRAR', '2023-10-11 20:29:31'),
(811, 'Exposição: Competição de Catapultas', 'Clemildo José de Ataides Filho', 'DESCADASTRAR', '2023-10-11 20:29:40'),
(812, 'Oficina de Fotografia Artesanal', 'Jeniffer Santana Pereira Santos', 'CADASTRAR', '2023-10-11 20:30:18'),
(813, 'Apresentação sobre drones e Escola Espacial Zenit Aerospace', 'Clemildo José de Ataides Filho', 'CADASTRAR', '2023-10-11 20:31:35'),
(814, 'Exposição: Competição de Catapultas', 'Clemildo José de Ataides Filho', 'CADASTRAR', '2023-10-11 20:31:41'),
(815, 'Campeonato de ponte de palitos dos alunos da engenharia', 'Clemildo José de Ataides Filho', 'CADASTRAR', '2023-10-11 20:38:21'),
(816, 'Oficina de Construção de Telescópios', 'Clemildo José de Ataides Filho', 'CADASTRAR', '2023-10-11 20:40:10'),
(817, 'Hackathon', 'Sara Cândido Fernandes', 'CADASTRAR', '2023-10-11 20:40:40'),
(818, 'I Encontro de Egressos do Curso Técnico em Saneamento do Câmpus Formosa do IFG', 'Naiara Pereira de Andrade', 'CADASTRAR', '2023-10-11 22:22:07'),
(819, 'Grafites antirracistas no campus', 'Naiara Pereira de Andrade', 'CADASTRAR', '2023-10-11 22:25:07'),
(820, 'Importância social, econômica e farmacológica de alcaloides encontrados em plantas endêmicas do Cerrado.', 'Naiara Pereira de Andrade', 'DESCADASTRAR', '2023-10-11 22:28:02'),
(821, 'Grafites antirracistas no campus', 'Naiara Pereira de Andrade', 'CADASTRAR', '2023-10-11 22:29:28'),
(822, 'Grafites antirracistas no campus', 'Mara Kesilly Nascimento Rodrigues', 'CADASTRAR', '2023-10-11 22:59:53'),
(823, 'Grafites antirracistas no campus', 'Mara Kesilly Nascimento Rodrigues', 'DESCADASTRAR', '2023-10-11 22:59:56'),
(824, 'Geopoesia de cordel em Goiás', 'Mara Kesilly Nascimento Rodrigues', 'CADASTRAR', '2023-10-11 23:01:00'),
(825, 'IFG em Cores: Composição dos desenhos', 'Mara Kesilly Nascimento Rodrigues', 'CADASTRAR', '2023-10-11 23:02:35'),
(826, 'Compartilhando sabores e saberes: importância da agricultura familiar para a sociedade moderna', 'Mara Kesilly Nascimento Rodrigues', 'CADASTRAR', '2023-10-11 23:04:01'),
(827, 'Compartilhando sabores e saberes: importância da agricultura familiar para a sociedade moderna', 'Mara Kesilly Nascimento Rodrigues', 'DESCADASTRAR', '2023-10-11 23:05:02'),
(828, 'IFG em Cores: Composição dos desenhos', 'Mara Kesilly Nascimento Rodrigues', 'DESCADASTRAR', '2023-10-11 23:05:25'),
(829, 'IFG em Cores: Pintura dos Muros', 'Mara Kesilly Nascimento Rodrigues', 'CADASTRAR', '2023-10-11 23:06:19'),
(830, 'Reciclando leituras', 'Mara Kesilly Nascimento Rodrigues', 'CADASTRAR', '2023-10-11 23:11:00'),
(831, 'Importância social, econômica e farmacológica de alcaloides encontrados em plantas endêmicas do Cerrado.', 'Maria Eduarda de jesus pereira', 'CADASTRAR', '2023-10-11 23:32:47'),
(832, 'Exposição: O Fantástico Mundo da Zoologia', 'Camila Oliveira e Silva', 'DESCADASTRAR', '2023-10-12 00:19:03'),
(833, 'Grafites antirracistas no campus', 'Camila Oliveira e Silva', 'CADASTRAR', '2023-10-12 00:19:06'),
(834, 'Grafites antirracistas no campus', 'Camila Oliveira e Silva', 'CADASTRAR', '2023-10-12 00:20:10'),
(835, 'Grafites antirracistas no campus', 'Camila Oliveira e Silva', 'DESCADASTRAR', '2023-10-12 00:20:56'),
(836, 'INTELIGÊNCIA ARTIFICIAL: Segurança Digital e Inovação Tecnológica:  Preparando Alunos para o Futuro', 'Camila Oliveira e Silva', 'CADASTRAR', '2023-10-12 00:21:47'),
(837, 'Grafites antirracistas no campus', 'Camila Oliveira e Silva', 'CADASTRAR', '2023-10-12 00:22:14'),
(838, 'Grafites antirracistas no campus', 'Camila Oliveira e Silva', 'DESCADASTRAR', '2023-10-12 00:22:38'),
(839, 'IFG em Cores: Pintura dos Muros', 'Camila Oliveira e Silva', 'CADASTRAR', '2023-10-12 00:23:32'),
(840, 'Grafites antirracistas no campus', 'Camila Oliveira e Silva', 'CADASTRAR', '2023-10-12 00:24:53'),
(841, 'Exposição: Competição de Catapultas', 'Camila Oliveira e Silva', 'CADASTRAR', '2023-10-12 00:26:54'),
(842, 'Grafites antirracistas no campus', 'Cássio Pereira Carneiro Junior', 'CADASTRAR', '2023-10-12 00:47:41'),
(843, 'IFG em Cores: Pintura dos Muros', 'Cássio Pereira Carneiro Junior', 'CADASTRAR', '2023-10-12 00:48:06'),
(844, 'Exposição: Competição de Catapultas', 'Cássio Pereira Carneiro Junior', 'CADASTRAR', '2023-10-12 00:49:23'),
(845, 'INTELIGÊNCIA ARTIFICIAL: Segurança Digital e Inovação Tecnológica:  Preparando Alunos para o Futuro', 'Cássio Pereira Carneiro Junior', 'CADASTRAR', '2023-10-12 00:49:46'),
(846, 'Grafites antirracistas no campus', 'Cássio Pereira Carneiro Junior', 'CADASTRAR', '2023-10-12 00:50:09'),
(847, 'Grafites antirracistas no campus', 'João Paulo Neres da Silva', 'CADASTRAR', '2023-10-12 01:29:12'),
(848, 'IFG em Cores: Pintura dos Muros', 'João Paulo Neres da Silva', 'CADASTRAR', '2023-10-12 01:31:19'),
(849, 'Exposição: Competição de Catapultas', 'João Paulo Neres da Silva', 'CADASTRAR', '2023-10-12 01:32:39');
INSERT INTO `log_tb_evento_usuario` (`id`, `nome_evento`, `nome_usuario`, `tipo_operacao`, `data_hora`) VALUES
(850, 'INTELIGÊNCIA ARTIFICIAL: Segurança Digital e Inovação Tecnológica:  Preparando Alunos para o Futuro', 'João Paulo Neres da Silva', 'CADASTRAR', '2023-10-12 01:33:23'),
(851, 'Grafites antirracistas no campus', 'João Paulo Neres da Silva', 'CADASTRAR', '2023-10-12 01:34:19'),
(852, 'Encontro de egressos do curso Técnico Integrado em Biotecnologia do Câmpus Formosa do IFG.', 'Carlos Henrique Teixeira De Carvalho Neto', 'DESCADASTRAR', '2023-10-12 12:23:37'),
(853, 'Palestra Pisos e revestimentos', 'Vitoria de Oliveira Cardoso', 'CADASTRAR', '2023-10-12 16:17:20'),
(854, 'Importância social, econômica e farmacológica de alcaloides encontrados em plantas endêmicas do Cerrado.', 'Anna Camilla Marques dos Santos', 'CADASTRAR', '2023-10-12 19:28:50'),
(855, 'Importância social, econômica e farmacológica de alcaloides encontrados em plantas endêmicas do Cerrado.', 'Anna Camilla Marques dos Santos', 'DESCADASTRAR', '2023-10-12 19:28:52'),
(856, 'Importância social, econômica e farmacológica de alcaloides encontrados em plantas endêmicas do Cerrado.', 'Anna Camilla Marques dos Santos', 'CADASTRAR', '2023-10-12 19:28:53'),
(857, 'GIT e GitHub na prática!', 'Sara Cândido Fernandes', 'CADASTRAR', '2023-10-12 20:43:43'),
(858, 'Importância social, econômica e farmacológica de alcaloides encontrados em plantas endêmicas do Cerrado.', 'ADRIANA ESPINDULA FERNANDES', 'CADASTRAR', '2023-10-12 21:09:17'),
(859, 'Apresentação sobre drones e Escola Espacial Zenit Aerospace', 'Maísa dos Santos Augusto Lobo', 'DESCADASTRAR', '2023-10-12 23:25:43'),
(860, 'Importância social, econômica e farmacológica de alcaloides encontrados em plantas endêmicas do Cerrado.', 'Maísa dos Santos Augusto Lobo', 'CADASTRAR', '2023-10-12 23:29:30'),
(861, 'Hackathon', 'João Aparecido Ferreira Filho', 'CADASTRAR', '2023-10-13 11:23:22'),
(862, 'Usos e plantas medicinais e saberes tradicionais sobre doença e cura na umbanda', 'João Aparecido Ferreira Filho', 'CADASTRAR', '2023-10-13 11:23:48'),
(863, 'Exposição: Competição de Catapultas', 'João Aparecido Ferreira Filho', 'CADASTRAR', '2023-10-13 11:24:17'),
(864, 'A Revolução dos RNAs', 'João Aparecido Ferreira Filho', 'CADASTRAR', '2023-10-13 11:25:21'),
(865, 'Modelagem 3d com Tinkercad', 'João Aparecido Ferreira Filho', 'CADASTRAR', '2023-10-13 11:26:11'),
(866, 'Oficina: Impressão 3D e Braille', 'João Aparecido Ferreira Filho', 'CADASTRAR', '2023-10-13 11:26:25'),
(867, 'Introdução ao PH da água e captação de água da chuva', 'João Aparecido Ferreira Filho', 'CADASTRAR', '2023-10-13 11:27:39'),
(868, 'Banco de sementes: uma das soluções para o desenvolvimento sustentável', 'João Aparecido Ferreira Filho', 'CADASTRAR', '2023-10-13 11:28:22'),
(869, 'Banco de sementes: uma das soluções para o desenvolvimento sustentável', 'João Aparecido Ferreira Filho', 'DESCADASTRAR', '2023-10-13 11:28:28'),
(870, 'Oficina de Construção de Telescópios', 'João Aparecido Ferreira Filho', 'CADASTRAR', '2023-10-13 11:28:32'),
(871, 'Apresentação sobre drones e Escola Espacial Zenit Aerospace', 'Maycon Douglas', 'CADASTRAR', '2023-10-13 13:00:16'),
(872, 'Mulheres na Ciência e Tecnologia', 'Mariany Chaves Lessa', 'DESCADASTRAR', '2023-10-13 13:45:04'),
(873, 'I Encontro de Egressos do Curso Técnico em Saneamento do Câmpus Formosa do IFG', 'Mariany Chaves Lessa', 'CADASTRAR', '2023-10-13 13:45:06'),
(874, 'Oficina: Impressão 3D e Braille', 'Camila Espindola Fernandes', 'CADASTRAR', '2023-10-13 16:00:01'),
(875, 'Exposição: O Fantástico Mundo da Zoologia', 'Stéfany Montalvão Boa Sorte', 'CADASTRAR', '2023-10-13 17:22:08'),
(876, 'A Revolução dos RNAs', 'Stéfany Montalvão Boa Sorte', 'CADASTRAR', '2023-10-13 17:23:34'),
(877, 'Oficina de tipagem sanguínea', 'Stéfany Montalvão Boa Sorte', 'CADASTRAR', '2023-10-13 17:24:30'),
(878, 'Encontro de egressos do curso Técnico Integrado em Biotecnologia do Câmpus Formosa do IFG.', 'Stéfany Montalvão Boa Sorte', 'CADASTRAR', '2023-10-13 17:25:43'),
(879, 'Exposição: Competição de Catapultas', 'Diego da Silva', 'CADASTRAR', '2023-10-13 18:25:20'),
(880, 'Exposição: Competição de Catapultas', 'Diego da Silva', 'DESCADASTRAR', '2023-10-13 18:25:56'),
(881, 'Grafites antirracistas no campus', 'Diego da Silva', 'CADASTRAR', '2023-10-13 18:25:59'),
(882, 'GIT e GitHub na prática!', 'Maycon Douglas', 'CADASTRAR', '2023-10-13 18:26:06'),
(883, 'IFG em Cores: Composição dos desenhos', 'Diego da Silva', 'CADASTRAR', '2023-10-13 18:28:29'),
(884, 'Grafites antirracistas no campus', 'Diego da Silva', 'DESCADASTRAR', '2023-10-13 18:29:17'),
(885, 'Mesa redonda: O professor e seu lugar no mundo', 'Diego da Silva', 'CADASTRAR', '2023-10-13 18:29:44'),
(886, 'IFG em Cores: Pintura dos Muros', 'Diego da Silva', 'CADASTRAR', '2023-10-13 18:30:45'),
(887, 'IFG em Cores: Pintura dos Muros', 'Diego da Silva', 'DESCADASTRAR', '2023-10-13 18:30:56'),
(888, 'Grafites antirracistas no campus', 'Diego da Silva', 'CADASTRAR', '2023-10-13 18:31:04'),
(889, 'Sociologia Rural e familiar', 'Diego da Silva', 'CADASTRAR', '2023-10-13 18:32:34'),
(890, 'Campeonato de ponte de palitos dos alunos da engenharia', 'Diego da Silva', 'CADASTRAR', '2023-10-13 18:32:57'),
(891, 'Modelagem 3d com Tinkercad', 'Afranio Furtado de Oliveira Neto', 'CADASTRAR', '2023-10-13 18:39:14'),
(892, 'Oficina de Construção de Telescópios', 'Afranio Furtado de Oliveira Neto', 'CADASTRAR', '2023-10-13 18:43:07'),
(893, 'Grafites antirracistas no campus', 'Isaque Miranda Gervasio', 'CADASTRAR', '2023-10-13 20:35:09'),
(894, 'IFG em Cores: Pintura dos Muros', 'Isaque Miranda Gervasio', 'CADASTRAR', '2023-10-13 20:35:55'),
(895, 'Exposição: Competição de Catapultas', 'Isaque Miranda Gervasio', 'CADASTRAR', '2023-10-13 20:36:53'),
(896, 'INTELIGÊNCIA ARTIFICIAL: Segurança Digital e Inovação Tecnológica:  Preparando Alunos para o Futuro', 'Isaque Miranda Gervasio', 'CADASTRAR', '2023-10-13 20:37:12'),
(897, 'Grafites antirracistas no campus', 'Isaque Miranda Gervasio', 'CADASTRAR', '2023-10-13 20:37:27'),
(898, 'Olhando de Perto: O Sistema Imune Revelado🔍', 'Ryan Santos da Silva', 'CADASTRAR', '2023-10-13 21:18:20'),
(899, 'Usos e plantas medicinais e saberes tradicionais sobre doença e cura na umbanda', 'Ryan Santos da Silva', 'CADASTRAR', '2023-10-13 21:18:44'),
(900, 'Modelagem 3d com Tinkercad', 'Ryan Santos da Silva', 'CADASTRAR', '2023-10-13 21:20:01'),
(901, 'IFG em Cores: Pintura dos Muros', 'Ryan Santos da Silva', 'CADASTRAR', '2023-10-13 21:21:33'),
(902, 'Oficina de Fotografia Artesanal', 'Ryan Santos da Silva', 'CADASTRAR', '2023-10-13 21:22:11'),
(903, 'Oficina de Construção de Telescópios', 'Ryan Santos da Silva', 'CADASTRAR', '2023-10-13 21:22:42'),
(904, 'Exposição: O Fantástico Mundo da Zoologia', 'Kalysson Ryan da Rocha Cardoso', 'DESCADASTRAR', '2023-10-13 22:45:15'),
(905, 'Hackathon', 'Kalysson Ryan da Rocha Cardoso', 'CADASTRAR', '2023-10-13 22:45:22'),
(906, 'Exposição: Competição de Catapultas', 'Júlio César Bispo Montalvão', 'CADASTRAR', '2023-10-14 04:46:03'),
(907, 'Curso de FTOOL', 'Júlio César Bispo Montalvão', 'CADASTRAR', '2023-10-14 04:47:53'),
(908, 'Exposição: Competição de Catapultas', 'Larissa Nunes Arrais', 'CADASTRAR', '2023-10-14 15:27:28'),
(909, 'Apresentação sobre drones e Escola Espacial Zenit Aerospace', 'Larissa Nunes Arrais', 'CADASTRAR', '2023-10-14 15:28:43'),
(910, 'Olhando de Perto: O Sistema Imune Revelado🔍', 'Larissa Nunes Arrais', 'CADASTRAR', '2023-10-14 15:29:11'),
(911, 'A Revolução dos RNAs', 'Larissa Nunes Arrais', 'CADASTRAR', '2023-10-14 15:31:40'),
(912, 'IFG em Cores: Composição dos desenhos', 'Larissa Nunes Arrais', 'CADASTRAR', '2023-10-14 15:33:40'),
(913, 'IFG em Cores: Composição dos desenhos', 'Larissa Nunes Arrais', 'DESCADASTRAR', '2023-10-14 15:36:49'),
(914, 'Tecnologia e Impactos Ambientais', 'Larissa Nunes Arrais', 'CADASTRAR', '2023-10-14 15:36:53'),
(915, 'Tecnologia e Impactos Ambientais', 'Larissa Nunes Arrais', 'DESCADASTRAR', '2023-10-14 15:37:17'),
(916, 'IFG em Cores: Composição dos desenhos', 'Larissa Nunes Arrais', 'CADASTRAR', '2023-10-14 15:37:19'),
(917, 'Capilaridade das plantas', 'Larissa Nunes Arrais', 'CADASTRAR', '2023-10-14 15:40:11'),
(918, 'Capilaridade das plantas', 'Larissa Nunes Arrais', 'DESCADASTRAR', '2023-10-14 15:40:24'),
(919, 'Oficina de tipagem sanguínea', 'Larissa Nunes Arrais', 'CADASTRAR', '2023-10-14 15:40:30'),
(920, 'Mulheres na Ciência e Tecnologia', 'Larissa Nunes Arrais', 'CADASTRAR', '2023-10-14 15:42:04'),
(921, 'Palestra: Contenção Físico-químico de Serpentes', 'Larissa Nunes Arrais', 'CADASTRAR', '2023-10-14 15:44:23'),
(922, 'Compostagem e seus benefícios', 'Larissa Nunes Arrais', 'CADASTRAR', '2023-10-14 15:47:03'),
(923, 'Banco de sementes: uma das soluções para o desenvolvimento sustentável', 'Larissa Nunes Arrais', 'CADASTRAR', '2023-10-14 15:47:07'),
(924, 'Mesa redonda: O professor e seu lugar no mundo', 'MARIANA RODRIGUES LUCIANO', 'CADASTRAR', '2023-10-14 16:53:10'),
(925, 'SICT', 'MARIANA RODRIGUES LUCIANO', 'CADASTRAR', '2023-10-14 16:59:38'),
(926, 'Oficina: Impressão 3D e Braille', 'Pedro Henrique de Araújo Paiva', 'CADASTRAR', '2023-10-15 12:29:35'),
(927, 'Campeonato de ponte de palitos dos alunos da engenharia', 'Samuel Neves Guimarães', 'CADASTRAR', '2023-10-15 12:33:03'),
(928, 'Campeonato de ponte de palitos dos alunos da engenharia', 'Samuel Neves Guimarães', 'DESCADASTRAR', '2023-10-15 12:33:04'),
(929, 'Campeonato de ponte de palitos dos alunos da engenharia', 'Samuel Neves Guimarães', 'CADASTRAR', '2023-10-15 12:33:13'),
(930, 'SICT', 'Sthéfanny Mémore do Carmo', 'CADASTRAR', '2023-10-15 17:10:36'),
(931, 'Grafites antirracistas no campus', 'Sthéfanny Mémore do Carmo', 'CADASTRAR', '2023-10-15 17:14:59'),
(932, 'Técnicas e ensaios in vitro aplicados a pesquisa científica.', 'Jaqueline Antunes dos Santos', 'CADASTRAR', '2023-10-15 23:36:50'),
(933, 'Técnicas e ensaios in vitro aplicados a pesquisa científica.', 'Jaqueline Antunes dos Santos', 'DESCADASTRAR', '2023-10-15 23:37:30'),
(934, 'Importância social, econômica e farmacológica de alcaloides encontrados em plantas endêmicas do Cerrado.', 'Jaqueline Antunes dos Santos', 'CADASTRAR', '2023-10-15 23:37:38'),
(935, 'Aplicação de produtos de argamassa  e impermeabilizantes no ramo da Engenharia Civil', 'Jaqueline Antunes dos Santos', 'CADASTRAR', '2023-10-15 23:39:15'),
(936, 'Campeonato de ponte de palitos dos alunos da engenharia', 'Jaqueline Antunes dos Santos', 'CADASTRAR', '2023-10-15 23:40:53'),
(937, 'Exposição: O Fantástico Mundo da Zoologia', 'Leticia almeida gebrim', 'CADASTRAR', '2023-10-16 01:41:03'),
(938, 'Exposição: O Fantástico Mundo da Zoologia', 'Leticia almeida gebrim', 'DESCADASTRAR', '2023-10-16 01:41:07'),
(939, 'Olhando de Perto: O Sistema Imune Revelado🔍', 'Leticia almeida gebrim', 'CADASTRAR', '2023-10-16 01:41:15'),
(940, 'Usos e plantas medicinais e saberes tradicionais sobre doença e cura na umbanda', 'Leticia almeida gebrim', 'CADASTRAR', '2023-10-16 01:41:26'),
(941, 'A Revolução dos RNAs', 'Leticia almeida gebrim', 'CADASTRAR', '2023-10-16 01:42:09'),
(942, 'Tecnologia e Impactos Ambientais', 'Leticia almeida gebrim', 'CADASTRAR', '2023-10-16 01:42:36'),
(943, 'Análise da composição do óleo essencial de Mesosphaerum  suaveolens ao longo de um ciclo diurno', 'Leticia almeida gebrim', 'CADASTRAR', '2023-10-16 01:42:53'),
(944, 'Capilaridade das plantas', 'Leticia almeida gebrim', 'CADASTRAR', '2023-10-16 01:43:02'),
(945, 'Capilaridade das plantas', 'Leticia almeida gebrim', 'DESCADASTRAR', '2023-10-16 01:43:07'),
(946, 'Grafites antirracistas no campus', 'Leticia almeida gebrim', 'CADASTRAR', '2023-10-16 01:43:21'),
(947, 'Grafites antirracistas no campus', 'Leticia almeida gebrim', 'DESCADASTRAR', '2023-10-16 01:43:22'),
(948, 'Grafites antirracistas no campus', 'Leticia almeida gebrim', 'CADASTRAR', '2023-10-16 01:43:23'),
(949, 'Introdução ao PH da água e captação de água da chuva', 'Leticia almeida gebrim', 'CADASTRAR', '2023-10-16 01:43:35'),
(950, 'Compostagem e seus benefícios', 'Leticia almeida gebrim', 'CADASTRAR', '2023-10-16 01:43:51');

-- --------------------------------------------------------

--
-- Estrutura para tabela `tb_evento`
--

CREATE TABLE `tb_evento` (
  `id` int(11) NOT NULL,
  `titulo` varchar(200) NOT NULL,
  `descricao` varchar(1000) NOT NULL,
  `dia` varchar(14) NOT NULL,
  `horarioI` time NOT NULL,
  `horarioF` time NOT NULL,
  `vagas` int(11) NOT NULL,
  `horas` int(11) NOT NULL,
  `local` varchar(255) NOT NULL,
  `url` varchar(255) NOT NULL,
  `id_tipo_evento` int(11) NOT NULL
) ENGINE=InnoDB DEFAULT CHARSET=utf8mb4 COLLATE=utf8mb4_unicode_ci;

--
-- Despejando dados para a tabela `tb_evento`
--

INSERT INTO `tb_evento` (`id`, `titulo`, `descricao`, `dia`, `horarioI`, `horarioF`, `vagas`, `horas`, `local`, `url`, `id_tipo_evento`) VALUES
(8, 'Hackathon', 'Competição de desenvolvimento de jogos utilizando a plataforma scratch.', '2023-10-23', '10:58:40', '14:58:40', 60, 10, 'IFG - Formosa', 'images/hackathon.png', 4),
(15, 'Oficina: Impressão 3D e Braille', 'Ensinar os conceitos básicos sobre o mundo de impressão 3D, como preparar, modelar e imprimir as peças e como pode ser usada na acessibilidade com a impressão de Braille.', '2023-10-25', '08:00:00', '12:00:00', 20, 4, 'Laboratório de Informática 1', 'storage/images/schedule/eventoOficina: Impressão 3D e Braille.png', 3),
(20, 'Olhando de Perto: O Sistema Imune Revelado🔍', 'A atividade tem como proposta mostrar reações do sistema imune em microscópio', '2023-10-23', '09:00:00', '11:00:00', 15, 2, 'Laboratório de Imunologia', 'storage/images/schedule/eventoOlhando de Perto: O Sistema Imune Revelado🔍.png', 3),
(21, 'Apresentação sobre drones e Escola Espacial Zenit Aerospace', 'Palestras e workshops abrangendo assuntos relacionados a empreendedorismo e engenharia aeroespacial', '2023-10-23', '14:00:00', '16:00:00', 40, 2, 'Pátio', 'storage/images/avatar/placeholder.jpeg', 1),
(22, 'Usos e plantas medicinais e saberes tradicionais sobre doença e cura na umbanda', '\"A pesquisa consiste através de uma análise sobre uma perspectiva  (auto)etnográfica como são usadas plantas na Umbanda de forma fitoterápica\"', '2023-10-23', '14:00:00', '16:00:00', 20, 2, 'S502', 'storage/images/avatar/placeholder.jpeg', 1),
(23, 'Curso de FTOOL', 'Curso para efetuar o cálculo referente a Ponte de Palitos.', '2023-10-23', '20:00:00', '22:00:00', 30, 2, 'Sala S501', 'storage/images/schedule/eventoCurso de FTOOL.png', 2),
(24, 'Importância social, econômica e farmacológica de alcaloides encontrados em plantas endêmicas do Cerrado.', 'A palestra irá abordar a caracterização química dos alcaloides, metabólitos secundários presentes em diversas plantas. Em especial, os palestrantes irão discutir, em um amplo contexto social-econômico-farmacológico, a importância de alcaloides presentes e', '2023-10-23', '19:00:00', '21:00:00', 30, 2, 'S302', 'storage/images/schedule/eventoImportância social, econômica e farmacológica de alcaloides encontrados em plantas endêmicas do Cerrado..jpg', 1),
(25, 'Compartilhando sabores e saberes: importância da agricultura familiar para a sociedade moderna', 'Mostrar in loco o cultivo e produção dos alimentos que vem para a nossa mesa, bem como o cotidiano dos agricultores familiares, a fim de incutir em nossos alunos a importância e essencialidade dessa atividade e de uma cadeia de produção alimentar sustenta', '2023-10-25', '07:00:00', '17:00:00', 20, 10, 'PA Água Fria', 'storage/images/avatar/placeholder.jpeg', 7),
(26, 'Capilaridade das plantas', 'Você já pensou como as plantas conseguem conduzir a água e os nutrientes desde a sua raiz até as folhas? A partir dessa oficina você poderá compreender melhor como esse processo ocorre.', '2023-10-25', '08:00:00', '12:00:00', 15, 4, 'Laboratório Botânica', 'storage/images/avatar/placeholder.jpeg', 3),
(27, 'Croqui e Perspectiva dentro da Arquitetura e Urbanismo', 'Explicar como se faz um croqui, os alunos farão uma atividade sobre desenho de croqui. Será explicado o desenho de perspectiva, com a utilização de instrumentos.', '2023-10-26', '15:00:00', '18:00:00', 20, 3, 'Laboratório de Desenho', 'storage/images/avatar/placeholder.jpeg', 3),
(28, 'Banco de sementes: uma das soluções para o desenvolvimento sustentável', 'Entender como funciona um banco de sementes ex. situ e vivenciar todas as etapas do processo até o plantio de mudas nativas', '2023-10-26', '15:00:00', '17:00:00', 30, 2, 'Laboratório Botânica', 'storage/images/schedule/eventoBanco de sementes: uma das soluções para o desenvolvimento sustentável.jpg', 3),
(29, 'Técnicas e ensaios in vitro aplicados a pesquisa científica.', 'Proporcionar aos participantes o conhecimento sobre a importância de técnicas in vitro na pesquisa científica, sobretudo  na área de ciências da vida e sua aplicação nos estudos sobre saúde pública.', '2023-10-23', '18:00:00', '20:00:00', 30, 2, 'Sala S504', 'storage/images/schedule/eventoTécnicas e ensaios in vitro aplicados a pesquisa científica..jpg', 1),
(30, 'Desvendando os Segredos das Nuvens: Uma Jornada pela AWS', 'Evento para Esta apresentação proporcionará uma visão fascinante e esclarecedora do mundo da computação em nuvem por meio da plataforma AWS. Descubra os fundamentos, benefícios e aplicações práticas que a AWS oferece para impulsionar seus projetos e negóc', '2023-10-26', '16:00:00', '17:00:00', 20, 2, 'Laboratório de Informática 1', 'storage/images/schedule/eventoDesvendando os Segredos das Nuvens: Uma Jornada pela AWS.png', 3),
(31, 'Mesa redonda: O professor e seu lugar no mundo', 'Professora e aluno irão falar sobre suas perspectivas na docência e suas  implicações políticas e sociais', '2023-10-23', '19:00:00', '22:00:00', 30, 3, 'Sala- S502', 'storage/images/avatar/placeholder.jpeg', 6),
(33, 'Encontro de egressos do curso Técnico Integrado em Biotecnologia do Câmpus Formosa do IFG.', 'Promover a integração de discentes egressos com a comunidade acadêmica e viabiliza a troca de experiências entre os participantes.', '2023-10-26', '16:00:00', '18:00:00', 100, 2, 'Via Google Meet', 'storage/images/avatar/placeholder.jpeg', 8),
(34, 'Divergir sem destruir: sobre tolerância e sociedade democrática', 'Trata-se de um minicurso que visa a discutir e desfazer enganos com respeito aos conceitos e fenômenos da tolerância, liberdade de expressão e sociedade democrática.', '2023-10-25', '08:00:00', '11:00:00', 30, 3, 'Sala: S502', 'storage/images/schedule/eventoDivergir sem destruir: sobre tolerância e sociedade democrática.jpg', 2),
(35, 'Oficina de Construção de Telescópios', 'Ensinar professores a construir um telescópio de boa qualidade utilizando materiais simples, como possibilidade de uso em escolas com pouco recurso', '2023-10-26', '16:00:00', '18:00:00', 15, 2, 'Laboratório de Física', 'storage/images/schedule/eventoOficina de Construção de Telescópios.jpg', 3),
(36, 'Oficina: Montando o Cubo Mágico', 'O objetivo da oficina é ensinar como montar um cubo mágico com a técnica em camadas.', '2023-10-26', '14:00:00', '18:00:00', 15, 4, 'Sala S502', 'storage/images/schedule/eventoOficina: Montando o Cubo Mágico.png', 3),
(37, 'Oficina de Fotografia Artesanal', 'Criação de fotos de maneira artesanal utilizando nitrato de prata', '2023-10-26', '08:00:00', '12:00:00', 20, 4, 'Laboratório de Química', 'storage/images/schedule/eventoOficina de Fotografia Artesanal.png', 1),
(38, 'GIT e GitHub na prática!', 'Versionar um código é muito importante para programadores. Nessa palestra vamos  aprender de forma prática como aplicar conceitos sobre softwares de versionamento como Git e Github', '2023-10-24', '10:30:00', '12:00:00', 28, 2, 'Laboratório de Informática 3', 'storage/images/schedule/eventoGIT e GitHub na prática!.png', 1),
(39, 'Exposição: O Fantástico Mundo da Zoologia', 'Visitação Livre. Será apresentando o laboratório de Zoologia usando matérias didáticos preparados para serem usados pelos visitantes.', '2023-10-23', '08:00:00', '22:00:00', 999, 2, 'Laboratório de Zoologia', 'storage/images/schedule/eventoExposição: O Fantástico Mundo da Zoologia.jpg', 5),
(40, 'Grafites antirracistas no campus', 'Realização de grafites antiracistas pelo campus do IFG Formosa', '2023-10-23', '16:00:00', '20:00:00', 100, 4, 'Pátio', 'storage/images/schedule/eventoGrafites antirracistas no campus.png', 1),
(41, 'Grafites antirracistas no campus', 'Aberto ao público. Realização de grafites antirracistas pelo campus do IFG Formosa', '2023-10-25', '14:00:00', '18:00:00', 100, 2, 'Pátio', 'storage/images/schedule/eventoGrafites antirracistas no campus.png', 5),
(42, 'IFG em Cores: Composição dos desenhos', 'Pintura dos muros do IFG com tinta e grafite, com desenhos que representem o IFG. Terão pinturas de referências aos cursos, ao campus, aos cachorros e outros elementos que simbolizam nossa instituição. Neste primeiro dia será a composição dos desenhos. A pintura será na manhã do dia 25.', '2023-10-24', '14:00:00', '16:00:00', 20, 2, 'Sala de Artes', 'storage/images/schedule/eventoIFG em Cores: Composição dos desenhos.jpg', 3),
(43, 'IFG em Cores: Pintura dos Muros', 'Pintura dos muros do IFG com tinta e grafite, com desenhos que representem o IFG. Terão pinturas de referências aos cursos, ao campus, aos cachorros e outros elementos que simbolizam nossa instituição.', '2023-10-25', '09:00:00', '11:00:00', 25, 3, 'Pátio', 'storage/images/schedule/eventoIFG em Cores: Pintura dos Muros.jpg', 3),
(45, 'Mulheres na Ciência e Tecnologia', 'A palestra consiste em trazer como é a vivência e obstáculos das mulheres dentro da ciência e tecnologia', '2023-10-23', '19:00:00', '21:00:00', 30, 30, 'Sala S503', 'storage/images/avatar/placeholder.jpeg', 1),
(46, 'Trabalho Preventivo às ISTs e suas manifestações na saúde bucal.', 'Palestra + vacinação e realização de testes rápidos com resultados em até 30 minutos', '2023-10-23', '20:00:00', '22:00:00', 25, 2, 'Sala T-302', 'storage/images/schedule/eventoTrabalho Preventivo às ISTs e suas manifestações na saúde bucal..jpg', 1),
(47, 'Sítios arqueológicos de Formosa-GO: pegadas para a preservação,  educação patrimonial e formação de identidades', 'Abordar sobre a relevância dos Sítios Arqueológicos para o município de Formosa,  sobre sua preservação, seu destaque como patrimônio cultural material e possíveis relações com a população local,  tanto na identidade como em seus arranjos produtivos.', '2023-10-23', '19:00:00', '22:00:00', 40, 3, 'Sala S-506', 'storage/images/avatar/placeholder.jpeg', 6),
(48, 'Sociologia rural e familiar', 'Palestra sobre tópicos relevantes relacionados a sociologia rural e familiar', '2023-10-23', '19:30:00', '22:00:00', 330, 3, 'Auditório', 'storage/images/schedule/eventoSociologia rural e familiar.jpg', 1),
(49, 'Palestra: Contenção Físico-químico de Serpentes', 'Abordagem de métodos para controlar e manusear Serpentes com segurança', '2023-10-26', '08:00:00', '11:00:00', 30, 3, 'Sala S504', 'storage/images/schedule/eventoPalestra: Contenção Físico-químico de Serpentes.jpg', 1),
(50, 'Grafites antirracistas no campus', 'Realização de grafites antiracistas pelo campus do IFG Formosa', '2023-10-24', '14:00:00', '22:00:00', 100, 2, 'Pátio', 'storage/images/schedule/eventoGrafites antirracistas no campus.png', 3),
(51, 'Compostagem e seus benefícios', 'Conhecer o processo de compostagem e as práticas sustentáveis.', '2023-10-26', '14:00:00', '15:00:00', 20, 1, 'Sala S502', 'storage/images/schedule/eventoCompostagem e seus benefícios.jpg', 1),
(52, 'Campeonato de ponte de palitos dos alunos da engenharia', 'Competição de ponte de palitos dos alunos da engenharia. Se você quer entrar como participante construindo uma ponte de palitos, responda esse formulário https://docs.google.com/forms/d/e/1FAIpQLSdHZyRPH5xL1RmDPeNdqG8qZ9yxjHtMQT0gg1oB14Gr0UNd6w/viewform', '2023-10-26', '19:00:00', '22:00:00', 100, 3, 'Patio', 'storage/images/schedule/eventoCampeonato de ponte de palitos dos alunos da engenharia.jpg', 5),
(53, 'A Revolução dos RNAs', 'A palestra consiste em trazer a descoberta do RNA, desde como se descobriu até as suas práticas', '2023-10-24', '08:00:00', '11:00:00', 30, 3, 'Sala S503', 'storage/images/schedule/eventoA Revolução dos RNAs.jpg', 1),
(54, 'Oficina de tinta de terra', 'Uma breve palestra sobre a importância de tintas sustentáveis e confecção de tinta a base de terra.', '2023-10-24', '08:00:00', '11:00:00', 100, 3, 'T-301 - Laboratório de Construção Civil', 'storage/images/schedule/eventoOficina de tinta de terra.jpg', 3),
(55, 'Trabalho Preventivo às ISTs e suas manifestações na saúde bucal', 'Palestra + vacinação e realização de testes rápidos com resultados em até 30 minutos', '2023-10-24', '09:00:00', '12:00:00', 25, 3, 'Sala T-302', 'storage/images/schedule/eventoTrabalho Preventivo às ISTs e suas manifestações na saúde bucal.jpg', 1),
(56, 'Geopoesia de cordel em Goiás', 'Aspectos da tradição e do processo de ressignificação do gênero cordel no território goiano', '2023-10-24', '09:00:00', '11:00:00', 15, 2, 'Sala S303', 'storage/images/schedule/eventoGeopoesia de cordel em Goiás.jpg', 3),
(57, 'Modelagem 3d com Tinkercad', '\"Esta oficina é destinada a estudantes do ensino médio, com o objetivo de ensiná-los a usar o Tinkercad, uma ferramenta  simples e intuitiva para a criação de objetos em 3D. Durante a oficina, os alunos aprenderão o básico de como criar peças simples, preparando-os para a possibilidade de imprimi-las no futuro.\"', '2023-10-24', '14:00:00', '16:00:00', 20, 2, 'Lab 3', 'storage/images/schedule/eventoModelagem 3d com Tinkercad.jpg', 3),
(58, 'Tecnologia e Impactos Ambientais', 'Quais os impactos ambientais que a tecnologia gera?', '2023-10-24', '14:00:00', '14:50:00', 30, 2, 'Sala S503', 'storage/images/schedule/eventoTecnologia e Impactos Ambientais.jpg', 1),
(59, 'Oficina de tipagem sanguínea', 'Explicar o sistema ABO, apresentar dados do município de Formosa-GO, realizar demonstração da tipagem sanguínea  com os voluntários e ressaltar a importância da doação de sangue', '2023-10-25', '09:00:00', '12:00:00', 15, 3, 'Lab Bioquímica', 'storage/images/schedule/eventoOficina de tipagem sanguínea.jpg', 3),
(60, 'Projeto Arquitetônico e Aprovação na Vigilância Sanitária de Estabelecimentos de Saúde', 'Oficina exclusiva ao publico do curso de Engenharia Civil.', '2023-10-25', '14:00:00', '17:00:00', 30, 3, 'Sala de desenho', 'storage/images/schedule/eventoProjeto Arquitetônico e Aprovação na Vigilância Sanitária de Estabelecimentos de Saúde.jpg', 3),
(61, 'Mulheres na Ciência e Tecnologia', 'A palestra consiste em trazer como é a vivência e obstáculos das mulheres dentro da ciência e tecnologia', '2023-10-25', '15:00:00', '17:00:00', 30, 2, 'Sala S501', 'storage/images/schedule/eventoMulheres na Ciência e Tecnologia.jpg', 1),
(62, 'Introdução à biotecnologia dos biofármacos', 'Fundamentação geral sobre fármacos, fármacos de origem natural e biofármacos, bem como pontuar aspectos pertinentes sobre  as formas de pesquisa e produção de biofármacos, além de suas aplicações', '2023-10-24', '19:00:00', '21:00:00', 30, 2, 'Sala S502', 'storage/images/schedule/eventoIntrodução à biotecnologia dos biofármacos.jpg', 1),
(63, 'Oficina de Origamis', 'Oficina para o aprendizado de origamis', '2023-10-24', '19:00:00', '21:00:00', 15, 2, 'Sala 303', 'storage/images/schedule/eventoOrigamis.jpg', 3),
(64, 'Sociologia Rural e familiar', 'Palestra sobre tópicos relevantes relacionados à Sociologia rural e familiar', '2023-10-26', '18:00:00', '19:00:00', 330, 1, 'Teatro', 'storage/images/schedule/eventoSociologia Rural e familiar.jpg', 1),
(65, 'Sistema de Hidroponias', 'Auxílio na montagem do mini sistema', '2023-10-26', '14:00:00', '16:00:00', 15, 2, 'Sala S303', 'storage/images/schedule/eventoSistema de Hidroponias.jpg', 3),
(66, 'Reciclando leituras', 'Os participantes irão trocar os livros que levaram uns com os outros, bem como partilhar as experiências enquanto leitor.', '2023-10-26', '08:00:00', '10:00:00', 20, 2, 'Sala S501', 'storage/images/schedule/eventoReciclando leituras.jpg', 1),
(71, 'Introdução ao PH da água e captação de água da chuva', 'Suporte técnico com uma explanação completa sobre como equilibrar o PH da água, a utilização da mesma  em forma de captação da chuva para reservatório trás reeducação ambiental, economia e reaproveitamento', '2023-10-26', '08:00:00', '10:00:00', 15, 2, 'Sala S303', 'storage/images/schedule/eventoIntrodução ao PH da água e captação de água da chuva.jpg', 1),
(72, 'INTELIGÊNCIA ARTIFICIAL: Segurança Digital e Inovação Tecnológica:  Preparando Alunos para o Futuro', 'Conscientizar os alunos sobre a importância da prevenção em situações relacionadas à  segurança digital, à tecnologia e à crescente presença da inteligência artificial em nossas vidas.', '2023-10-24', '08:00:00', '10:00:00', 330, 2, 'Auditório', 'storage/images/schedule/eventoINTELIGÊNCIA ARTIFICIAL: Segurança Digital e Inovação Tecnológica:  Preparando Alunos para o Futuro.jpg', 1),
(73, 'Análise da composição do óleo essencial de Mesosphaerum  suaveolens ao longo de um ciclo diurno', 'A pesquisa consiste na análise das possíveis mudanças dos componentes do óleo essencial de Mesosphaerum suaveolens ao longo de um ciclo diurno.', '2023-10-24', '15:00:00', '17:00:00', 20, 2, 'Sala S502', 'storage/images/avatar/placeholder.jpeg', 1),
(74, 'Oficina de demonstração e aplicação de tintas', 'Prática de aplicação e demonstração de produto de pintura.', '2023-10-24', '19:00:00', '21:00:00', 20, 2, 'Laboratório de Mecânica dos Solos', 'storage/images/avatar/placeholder.jpeg', 3),
(75, 'Aplicação de produtos de argamassa  e impermeabilizantes no ramo da Engenharia Civil', 'Oficina voltada para aplicação de produtos de argamassa e impermeabilizantes', '2023-10-24', '19:00:00', '22:00:00', 20, 3, 'Laboratório de Construção Civil', 'storage/images/avatar/placeholder.jpeg', 3),
(76, 'Palestra Pisos e revestimentos', 'Palestra sobre pisos e revestimentos voltados para a construção civil', '2023-10-24', '19:00:00', '20:30:00', 330, 2, 'Auditório', 'storage/images/avatar/placeholder.jpeg', 1),
(77, 'SICT', 'XVI SEMINÁRIO DE INICIAÇÃO CIENTÍFICA E TECNOLÓGICA', '2023-10-25', '18:00:00', '22:00:00', 999, 4, 'Laguinho do vovô', 'storage/images/avatar/placeholder.jpeg', 5),
(78, 'I Encontro de Egressos do Curso Técnico em Saneamento do Câmpus Formosa do IFG', 'O I Encontro de Egressos do Curso Técnico em Saneamento do Câmpus Formosa do IFG promoverá a integração e interação dos discentes, docentes e egressos do curso para viabilizar troca de experiências entre os participantes.', '2023-10-25', '16:00:00', '18:00:00', 999, 2, 'Google Meet', 'storage/images/avatar/placeholder.jpeg', 8),
(79, 'Exposição: Competição de Catapultas', 'Exposição aberta ao público. A competição será realizada entre a turma de Física I.', '2023-10-23', '16:00:00', '18:00:00', 999, 2, 'Quadra de areia', 'storage/images/schedule/eventoExposição: Competição de Catapultas.png', 1),
(81, 'Trabalho Preventivo às ISTs e suas manifestações na saúde bucal', 'Palestra + vacinação e realização de testes rápidos com resultados em até 30 minutos', '2023-10-24', '14:00:00', '17:00:00', 25, 3, 'Sala T-302', 'storage/images/schedule/eventoTrabalho Preventivo às ISTs e suas manifestações na saúde bucal.jpg', 1);

-- --------------------------------------------------------

--
-- Estrutura para tabela `tb_evento_usuario`
--

CREATE TABLE `tb_evento_usuario` (
  `id` int(11) NOT NULL,
  `id_evento` int(11) NOT NULL,
  `id_usuario` int(11) NOT NULL,
  `status` int(11) NOT NULL,
  `checkin` time DEFAULT NULL,
  `checkout` time DEFAULT NULL,
  `data_insercao` date DEFAULT NULL
) ENGINE=InnoDB DEFAULT CHARSET=utf8mb4 COLLATE=utf8mb4_unicode_ci;

--
-- Despejando dados para a tabela `tb_evento_usuario`
--

INSERT INTO `tb_evento_usuario` (`id`, `id_evento`, `id_usuario`, `status`, `checkin`, `checkout`, `data_insercao`) VALUES
(88, 8, 22, 0, NULL, NULL, '2023-10-03'),
(111, 72, 4, 0, NULL, NULL, '2023-10-08'),
(112, 8, 20, 0, NULL, NULL, '2023-10-08'),
(113, 47, 20, 0, NULL, NULL, '2023-10-08'),
(123, 29, 27, 0, NULL, NULL, '2023-10-08'),
(124, 62, 27, 0, NULL, NULL, '2023-10-08'),
(125, 25, 27, 0, NULL, NULL, '2023-10-08'),
(126, 24, 29, 0, NULL, NULL, '2023-10-08'),
(127, 77, 29, 0, NULL, NULL, '2023-10-08'),
(128, 49, 29, 0, NULL, NULL, '2023-10-08'),
(129, 28, 29, 0, NULL, NULL, '2023-10-08'),
(133, 37, 33, 0, NULL, NULL, '2023-10-09'),
(135, 40, 33, 0, NULL, NULL, '2023-10-09'),
(136, 62, 33, 0, NULL, NULL, '2023-10-09'),
(137, 15, 33, 0, NULL, NULL, '2023-10-09'),
(138, 78, 33, 0, NULL, NULL, '2023-10-09'),
(139, 28, 33, 0, NULL, NULL, '2023-10-09'),
(140, 38, 4, 0, NULL, NULL, '2023-10-09'),
(152, 72, 37, 0, NULL, NULL, '2023-10-09'),
(153, 38, 37, 0, NULL, NULL, '2023-10-09'),
(154, 15, 37, 0, NULL, NULL, '2023-10-09'),
(155, 30, 37, 0, NULL, NULL, '2023-10-09'),
(158, 23, 38, 0, NULL, NULL, '2023-10-09'),
(159, 21, 38, 0, NULL, NULL, '2023-10-09'),
(160, 79, 38, 0, NULL, NULL, '2023-10-09'),
(162, 75, 38, 0, NULL, NULL, '2023-10-09'),
(164, 22, 41, 0, NULL, NULL, '2023-10-09'),
(165, 42, 41, 0, NULL, NULL, '2023-10-09'),
(166, 43, 41, 0, NULL, NULL, '2023-10-09'),
(168, 37, 42, 0, NULL, NULL, '2023-10-09'),
(170, 42, 42, 0, NULL, NULL, '2023-10-09'),
(171, 63, 41, 0, NULL, NULL, '2023-10-09'),
(172, 63, 42, 0, NULL, NULL, '2023-10-09'),
(173, 54, 42, 0, NULL, NULL, '2023-10-09'),
(174, 43, 42, 0, NULL, NULL, '2023-10-09'),
(176, 65, 42, 0, NULL, NULL, '2023-10-09'),
(177, 37, 45, 0, NULL, NULL, '2023-10-09'),
(182, 49, 49, 0, NULL, NULL, '2023-10-09'),
(183, 22, 50, 0, NULL, NULL, '2023-10-09'),
(185, 37, 50, 0, NULL, NULL, '2023-10-09'),
(186, 42, 51, 0, NULL, NULL, '2023-10-09'),
(187, 15, 51, 0, NULL, NULL, '2023-10-09'),
(188, 36, 51, 0, NULL, NULL, '2023-10-09'),
(190, 37, 51, 0, NULL, NULL, '2023-10-09'),
(191, 38, 51, 0, NULL, NULL, '2023-10-09'),
(195, 71, 51, 0, NULL, NULL, '2023-10-09'),
(196, 61, 50, 0, NULL, NULL, '2023-10-09'),
(197, 8, 56, 0, NULL, NULL, '2023-10-09'),
(198, 37, 57, 0, NULL, NULL, '2023-10-09'),
(200, 40, 57, 0, NULL, NULL, '2023-10-09'),
(202, 37, 59, 0, NULL, NULL, '2023-10-09'),
(203, 21, 59, 0, NULL, NULL, '2023-10-09'),
(204, 79, 59, 0, NULL, NULL, '2023-10-09'),
(205, 25, 60, 0, NULL, NULL, '2023-10-09'),
(206, 50, 57, 0, NULL, NULL, '2023-10-09'),
(207, 54, 57, 0, NULL, NULL, '2023-10-09'),
(208, 54, 27, 0, NULL, NULL, '2023-10-09'),
(209, 72, 59, 0, NULL, NULL, '2023-10-09'),
(210, 59, 57, 0, NULL, NULL, '2023-10-09'),
(214, 28, 57, 0, NULL, NULL, '2023-10-09'),
(216, 41, 59, 0, NULL, NULL, '2023-10-09'),
(217, 49, 59, 0, NULL, NULL, '2023-10-09'),
(218, 36, 59, 0, NULL, NULL, '2023-10-09'),
(227, 75, 61, 0, NULL, NULL, '2023-10-09'),
(228, 22, 43, 0, NULL, NULL, '2023-10-09'),
(229, 29, 60, 0, NULL, NULL, '2023-10-09'),
(230, 37, 30, 0, NULL, NULL, '2023-10-09'),
(231, 24, 30, 0, NULL, NULL, '2023-10-09'),
(233, 62, 62, 0, NULL, NULL, '2023-10-09'),
(234, 35, 62, 0, NULL, NULL, '2023-10-09'),
(237, 62, 64, 0, NULL, NULL, '2023-10-09'),
(238, 25, 64, 0, NULL, NULL, '2023-10-09'),
(240, 20, 65, 0, NULL, NULL, '2023-10-09'),
(241, 42, 59, 0, NULL, NULL, '2023-10-09'),
(242, 49, 64, 0, NULL, NULL, '2023-10-09'),
(243, 53, 65, 0, NULL, NULL, '2023-10-09'),
(244, 43, 59, 0, NULL, NULL, '2023-10-09'),
(245, 59, 65, 0, NULL, NULL, '2023-10-09'),
(249, 21, 69, 0, NULL, NULL, '2023-10-09'),
(250, 38, 69, 0, NULL, NULL, '2023-10-09'),
(251, 43, 53, 0, NULL, NULL, '2023-10-09'),
(252, 42, 69, 0, NULL, NULL, '2023-10-09'),
(253, 43, 69, 0, NULL, NULL, '2023-10-09'),
(254, 42, 53, 0, NULL, NULL, '2023-10-09'),
(256, 35, 69, 0, NULL, NULL, '2023-10-09'),
(257, 40, 72, 0, NULL, NULL, '2023-10-09'),
(258, 21, 73, 0, NULL, NULL, '2023-10-09'),
(259, 42, 72, 0, NULL, NULL, '2023-10-09'),
(260, 33, 67, 0, NULL, NULL, '2023-10-09'),
(261, 40, 75, 0, NULL, NULL, '2023-10-09'),
(262, 42, 73, 0, NULL, NULL, '2023-10-09'),
(263, 20, 76, 0, NULL, NULL, '2023-10-09'),
(264, 43, 72, 0, NULL, NULL, '2023-10-09'),
(265, 20, 67, 0, NULL, NULL, '2023-10-09'),
(266, 21, 75, 0, NULL, NULL, '2023-10-09'),
(267, 54, 73, 0, NULL, NULL, '2023-10-09'),
(268, 42, 75, 0, NULL, NULL, '2023-10-09'),
(269, 54, 76, 0, NULL, NULL, '2023-10-09'),
(270, 42, 76, 0, NULL, NULL, '2023-10-09'),
(271, 43, 75, 0, NULL, NULL, '2023-10-09'),
(272, 41, 75, 0, NULL, NULL, '2023-10-09'),
(273, 43, 76, 0, NULL, NULL, '2023-10-09'),
(276, 59, 73, 0, NULL, NULL, '2023-10-09'),
(278, 37, 75, 0, NULL, NULL, '2023-10-09'),
(279, 20, 78, 0, NULL, NULL, '2023-10-09'),
(280, 53, 78, 0, NULL, NULL, '2023-10-09'),
(281, 41, 73, 0, NULL, NULL, '2023-10-09'),
(283, 43, 67, 0, NULL, NULL, '2023-10-09'),
(284, 42, 78, 0, NULL, NULL, '2023-10-09'),
(285, 43, 78, 0, NULL, NULL, '2023-10-09'),
(286, 20, 79, 0, NULL, NULL, '2023-10-09'),
(287, 20, 77, 0, NULL, NULL, '2023-10-09'),
(288, 72, 67, 0, NULL, NULL, '2023-10-09'),
(289, 42, 67, 0, NULL, NULL, '2023-10-09'),
(290, 33, 77, 0, NULL, NULL, '2023-10-09'),
(291, 33, 73, 0, NULL, NULL, '2023-10-09'),
(293, 59, 79, 0, NULL, NULL, '2023-10-09'),
(294, 53, 77, 0, NULL, NULL, '2023-10-09'),
(295, 59, 77, 0, NULL, NULL, '2023-10-09'),
(296, 53, 79, 0, NULL, NULL, '2023-10-09'),
(297, 77, 77, 0, NULL, NULL, '2023-10-09'),
(298, 77, 79, 0, NULL, NULL, '2023-10-09'),
(299, 20, 73, 0, NULL, NULL, '2023-10-09'),
(300, 37, 73, 0, NULL, NULL, '2023-10-09'),
(301, 37, 79, 0, NULL, NULL, '2023-10-09'),
(302, 37, 77, 0, NULL, NULL, '2023-10-09'),
(303, 33, 79, 0, NULL, NULL, '2023-10-09'),
(304, 20, 82, 0, NULL, NULL, '2023-10-09'),
(305, 20, 83, 0, NULL, NULL, '2023-10-09'),
(306, 43, 83, 0, NULL, NULL, '2023-10-09'),
(307, 72, 83, 0, NULL, NULL, '2023-10-09'),
(308, 42, 83, 0, NULL, NULL, '2023-10-09'),
(309, 33, 83, 0, NULL, NULL, '2023-10-09'),
(311, 59, 82, 0, NULL, NULL, '2023-10-09'),
(312, 20, 84, 0, NULL, NULL, '2023-10-09'),
(313, 37, 82, 0, NULL, NULL, '2023-10-09'),
(314, 28, 82, 0, NULL, NULL, '2023-10-09'),
(315, 29, 84, 0, NULL, NULL, '2023-10-09'),
(316, 46, 84, 0, NULL, NULL, '2023-10-09'),
(317, 53, 84, 0, NULL, NULL, '2023-10-09'),
(318, 62, 84, 0, NULL, NULL, '2023-10-09'),
(319, 20, 86, 0, NULL, NULL, '2023-10-09'),
(320, 21, 86, 0, NULL, NULL, '2023-10-09'),
(322, 29, 86, 0, NULL, NULL, '2023-10-09'),
(325, 29, 85, 0, NULL, NULL, '2023-10-09'),
(326, 53, 86, 0, NULL, NULL, '2023-10-09'),
(328, 62, 86, 0, NULL, NULL, '2023-10-09'),
(331, 33, 85, 0, NULL, NULL, '2023-10-09'),
(332, 81, 86, 0, NULL, NULL, '2023-10-09'),
(333, 78, 85, 0, NULL, NULL, '2023-10-09'),
(334, 26, 86, 0, NULL, NULL, '2023-10-09'),
(335, 61, 86, 0, NULL, NULL, '2023-10-09'),
(336, 71, 86, 0, NULL, NULL, '2023-10-09'),
(337, 33, 86, 0, NULL, NULL, '2023-10-09'),
(338, 51, 86, 0, NULL, NULL, '2023-10-09'),
(339, 22, 52, 0, NULL, NULL, '2023-10-09'),
(340, 40, 52, 0, NULL, NULL, '2023-10-09'),
(342, 20, 52, 0, NULL, NULL, '2023-10-09'),
(343, 46, 52, 0, NULL, NULL, '2023-10-09'),
(345, 50, 52, 0, NULL, NULL, '2023-10-09'),
(346, 34, 52, 0, NULL, NULL, '2023-10-09'),
(347, 41, 52, 0, NULL, NULL, '2023-10-09'),
(350, 79, 89, 0, NULL, NULL, '2023-10-09'),
(351, 23, 89, 0, NULL, NULL, '2023-10-09'),
(353, 75, 89, 0, NULL, NULL, '2023-10-09'),
(355, 35, 89, 0, NULL, NULL, '2023-10-09'),
(356, 52, 89, 0, NULL, NULL, '2023-10-09'),
(358, 49, 92, 0, NULL, NULL, '2023-10-10'),
(359, 43, 92, 0, NULL, NULL, '2023-10-10'),
(360, 72, 92, 0, NULL, NULL, '2023-10-10'),
(362, 20, 92, 0, NULL, NULL, '2023-10-10'),
(364, 33, 76, 0, NULL, NULL, '2023-10-10'),
(365, 8, 91, 0, NULL, NULL, '2023-10-10'),
(369, 72, 94, 0, NULL, NULL, '2023-10-10'),
(370, 38, 94, 0, NULL, NULL, '2023-10-10'),
(371, 34, 94, 0, NULL, NULL, '2023-10-10'),
(372, 8, 93, 0, NULL, NULL, '2023-10-10'),
(376, 20, 90, 0, NULL, NULL, '2023-10-10'),
(377, 21, 90, 0, NULL, NULL, '2023-10-10'),
(378, 79, 90, 0, NULL, NULL, '2023-10-10'),
(380, 54, 90, 0, NULL, NULL, '2023-10-10'),
(381, 57, 90, 0, NULL, NULL, '2023-10-10'),
(384, 25, 90, 0, NULL, NULL, '2023-10-10'),
(385, 71, 90, 0, NULL, NULL, '2023-10-10'),
(386, 28, 90, 0, NULL, NULL, '2023-10-10'),
(387, 51, 90, 0, NULL, NULL, '2023-10-10'),
(388, 8, 96, 0, NULL, NULL, '2023-10-10'),
(390, 72, 97, 0, NULL, NULL, '2023-10-10'),
(391, 58, 97, 0, NULL, NULL, '2023-10-10'),
(393, 63, 97, 0, NULL, NULL, '2023-10-10'),
(398, 8, 97, 0, NULL, NULL, '2023-10-10'),
(399, 21, 100, 0, NULL, NULL, '2023-10-10'),
(400, 23, 100, 0, NULL, NULL, '2023-10-10'),
(401, 15, 100, 0, NULL, NULL, '2023-10-10'),
(402, 41, 100, 0, NULL, NULL, '2023-10-10'),
(403, 77, 100, 0, NULL, NULL, '2023-10-10'),
(404, 52, 100, 0, NULL, NULL, '2023-10-10'),
(405, 21, 102, 0, NULL, NULL, '2023-10-10'),
(406, 29, 102, 0, NULL, NULL, '2023-10-10'),
(408, 20, 102, 0, NULL, NULL, '2023-10-10'),
(411, 38, 102, 0, NULL, NULL, '2023-10-10'),
(412, 81, 102, 0, NULL, NULL, '2023-10-10'),
(413, 25, 102, 0, NULL, NULL, '2023-10-10'),
(414, 37, 102, 0, NULL, NULL, '2023-10-10'),
(415, 65, 102, 0, NULL, NULL, '2023-10-10'),
(417, 30, 102, 0, NULL, NULL, '2023-10-10'),
(418, 54, 82, 0, NULL, NULL, '2023-10-10'),
(420, 79, 113, 0, NULL, NULL, '2023-10-10'),
(421, 22, 116, 0, NULL, NULL, '2023-10-10'),
(422, 55, 116, 0, NULL, NULL, '2023-10-10'),
(423, 15, 116, 0, NULL, NULL, '2023-10-10'),
(424, 28, 116, 0, NULL, NULL, '2023-10-10'),
(425, 72, 46, 0, NULL, NULL, '2023-10-10'),
(428, 38, 23, 0, NULL, NULL, '2023-10-10'),
(429, 29, 46, 0, NULL, NULL, '2023-10-10'),
(430, 34, 46, 0, NULL, NULL, '2023-10-10'),
(431, 71, 46, 0, NULL, NULL, '2023-10-10'),
(432, 38, 118, 0, NULL, NULL, '2023-10-10'),
(433, 74, 119, 0, NULL, NULL, '2023-10-10'),
(434, 72, 23, 0, NULL, NULL, '2023-10-10'),
(435, 8, 111, 0, NULL, NULL, '2023-10-10'),
(437, 21, 111, 0, NULL, NULL, '2023-10-10'),
(438, 40, 111, 0, NULL, NULL, '2023-10-10'),
(439, 75, 123, 0, NULL, NULL, '2023-10-10'),
(441, 20, 125, 1, NULL, NULL, '2023-10-10'),
(442, 22, 125, 0, NULL, NULL, '2023-10-10'),
(443, 29, 125, 0, NULL, NULL, '2023-10-10'),
(444, 46, 125, 0, NULL, NULL, '2023-10-10'),
(445, 53, 125, 0, NULL, NULL, '2023-10-10'),
(446, 42, 125, 0, NULL, NULL, '2023-10-10'),
(447, 62, 125, 0, NULL, NULL, '2023-10-10'),
(450, 77, 125, 0, NULL, NULL, '2023-10-10'),
(452, 49, 125, 0, NULL, NULL, '2023-10-10'),
(454, 39, 80, 0, NULL, NULL, '2023-10-10'),
(456, 29, 126, 0, NULL, NULL, '2023-10-10'),
(458, 62, 126, 0, NULL, NULL, '2023-10-10'),
(459, 59, 126, 0, NULL, NULL, '2023-10-10'),
(460, 49, 126, 0, NULL, NULL, '2023-10-10'),
(462, 28, 126, 0, NULL, NULL, '2023-10-10'),
(463, 72, 80, 0, NULL, NULL, '2023-10-10'),
(464, 38, 80, 0, NULL, NULL, '2023-10-10'),
(465, 57, 80, 0, NULL, NULL, '2023-10-10'),
(466, 25, 80, 0, NULL, NULL, '2023-10-10'),
(467, 25, 87, 0, NULL, NULL, '2023-10-10'),
(468, 57, 87, 0, NULL, NULL, '2023-10-10'),
(469, 39, 87, 0, NULL, NULL, '2023-10-10'),
(470, 37, 87, 0, NULL, NULL, '2023-10-10'),
(471, 37, 80, 0, NULL, NULL, '2023-10-10'),
(472, 39, 127, 0, NULL, NULL, '2023-10-10'),
(474, 25, 127, 0, NULL, NULL, '2023-10-10'),
(475, 37, 127, 0, NULL, NULL, '2023-10-10'),
(476, 57, 127, 0, NULL, NULL, '2023-10-10'),
(477, 23, 128, 0, NULL, NULL, '2023-10-10'),
(478, 75, 128, 0, NULL, NULL, '2023-10-10'),
(479, 60, 128, 0, NULL, NULL, '2023-10-10'),
(480, 77, 128, 0, NULL, NULL, '2023-10-10'),
(481, 52, 128, 0, NULL, NULL, '2023-10-10'),
(482, 21, 128, 0, NULL, NULL, '2023-10-10'),
(483, 79, 128, 0, NULL, NULL, '2023-10-10'),
(484, 81, 128, 0, NULL, NULL, '2023-10-10'),
(485, 27, 128, 0, NULL, NULL, '2023-10-10'),
(486, 39, 129, 0, NULL, NULL, '2023-10-10'),
(487, 53, 129, 0, NULL, NULL, '2023-10-10'),
(488, 59, 129, 0, NULL, NULL, '2023-10-10'),
(489, 49, 129, 0, NULL, NULL, '2023-10-10'),
(490, 77, 129, 0, NULL, NULL, '2023-10-10'),
(491, 74, 129, 0, NULL, NULL, '2023-10-10'),
(493, 20, 35, 1, NULL, NULL, '2023-10-10'),
(496, 22, 134, 0, NULL, NULL, '2023-10-10'),
(497, 79, 134, 0, NULL, NULL, '2023-10-10'),
(498, 72, 134, 0, NULL, NULL, '2023-10-10'),
(499, 77, 35, 0, NULL, NULL, '2023-10-10'),
(500, 42, 134, 0, NULL, NULL, '2023-10-10'),
(501, 61, 134, 0, NULL, NULL, '2023-10-10'),
(502, 25, 131, 0, NULL, NULL, '2023-10-10'),
(504, 71, 131, 0, NULL, NULL, '2023-10-10'),
(505, 51, 131, 0, NULL, NULL, '2023-10-10'),
(506, 75, 135, 0, NULL, NULL, '2023-10-10'),
(507, 60, 135, 0, NULL, NULL, '2023-10-10'),
(508, 20, 139, 1, NULL, NULL, '2023-10-10'),
(510, 20, 138, 1, NULL, NULL, '2023-10-10'),
(511, 8, 143, 0, NULL, NULL, '2023-10-10'),
(512, 55, 138, 0, NULL, NULL, '2023-10-10'),
(513, 55, 139, 0, NULL, NULL, '2023-10-10'),
(514, 59, 139, 0, NULL, NULL, '2023-10-10'),
(515, 59, 138, 0, NULL, NULL, '2023-10-10'),
(516, 21, 143, 0, NULL, NULL, '2023-10-10'),
(517, 79, 143, 0, NULL, NULL, '2023-10-10'),
(518, 24, 145, 0, NULL, NULL, '2023-10-10'),
(519, 24, 147, 0, NULL, NULL, '2023-10-10'),
(520, 77, 30, 0, NULL, NULL, '2023-10-10'),
(522, 42, 148, 0, NULL, NULL, '2023-10-10'),
(523, 24, 151, 0, NULL, NULL, '2023-10-10'),
(524, 61, 148, 0, NULL, NULL, '2023-10-10'),
(525, 28, 148, 0, NULL, NULL, '2023-10-10'),
(526, 61, 65, 0, NULL, NULL, '2023-10-10'),
(527, 37, 65, 0, NULL, NULL, '2023-10-10'),
(528, 33, 65, 0, NULL, NULL, '2023-10-10'),
(529, 21, 156, 0, NULL, NULL, '2023-10-10'),
(531, 23, 156, 0, NULL, NULL, '2023-10-10'),
(532, 8, 156, 0, NULL, NULL, '2023-10-10'),
(533, 54, 156, 0, NULL, NULL, '2023-10-10'),
(534, 60, 156, 0, NULL, NULL, '2023-10-10'),
(535, 77, 156, 0, NULL, NULL, '2023-10-10'),
(536, 36, 156, 0, NULL, NULL, '2023-10-10'),
(537, 52, 156, 0, NULL, NULL, '2023-10-10'),
(539, 20, 157, 1, NULL, NULL, '2023-10-10'),
(540, 21, 157, 0, NULL, NULL, '2023-10-10'),
(541, 79, 157, 0, NULL, NULL, '2023-10-10'),
(542, 54, 157, 0, NULL, NULL, '2023-10-10'),
(543, 42, 157, 0, NULL, NULL, '2023-10-10'),
(546, 47, 159, 0, NULL, NULL, '2023-10-10'),
(547, 62, 159, 0, NULL, NULL, '2023-10-10'),
(548, 53, 48, 0, NULL, NULL, '2023-10-10'),
(549, 42, 48, 0, NULL, NULL, '2023-10-10'),
(551, 24, 163, 0, NULL, NULL, '2023-10-10'),
(552, 73, 163, 0, NULL, NULL, '2023-10-10'),
(553, 62, 163, 0, NULL, NULL, '2023-10-10'),
(554, 20, 32, 1, NULL, NULL, '2023-10-10'),
(555, 21, 32, 0, NULL, NULL, '2023-10-10'),
(556, 79, 32, 0, NULL, NULL, '2023-10-10'),
(557, 72, 32, 0, NULL, NULL, '2023-10-10'),
(558, 38, 32, 0, NULL, NULL, '2023-10-10'),
(559, 57, 32, 0, NULL, NULL, '2023-10-10'),
(560, 59, 32, 0, NULL, NULL, '2023-10-10'),
(562, 37, 32, 0, NULL, NULL, '2023-10-10'),
(563, 65, 32, 0, NULL, NULL, '2023-10-10'),
(566, 24, 166, 0, NULL, NULL, '2023-10-10'),
(567, 72, 168, 0, NULL, NULL, '2023-10-10'),
(569, 25, 172, 0, NULL, NULL, '2023-10-10'),
(570, 53, 172, 0, NULL, NULL, '2023-10-10'),
(571, 57, 172, 0, NULL, NULL, '2023-10-10'),
(572, 21, 171, 0, NULL, NULL, '2023-10-10'),
(573, 72, 171, 0, NULL, NULL, '2023-10-10'),
(574, 25, 174, 0, NULL, NULL, '2023-10-10'),
(575, 15, 171, 0, NULL, NULL, '2023-10-10'),
(576, 43, 176, 0, NULL, NULL, '2023-10-11'),
(577, 41, 176, 0, NULL, NULL, '2023-10-11'),
(578, 42, 176, 0, NULL, NULL, '2023-10-11'),
(579, 47, 97, 0, NULL, NULL, '2023-10-11'),
(580, 62, 172, 0, NULL, NULL, '2023-10-11'),
(582, 25, 24, 0, NULL, NULL, '2023-10-11'),
(583, 25, 180, 0, NULL, NULL, '2023-10-11'),
(584, 24, 172, 0, NULL, NULL, '2023-10-11'),
(585, 21, 172, 0, NULL, NULL, '2023-10-11'),
(587, 52, 180, 0, NULL, NULL, '2023-10-11'),
(588, 52, 24, 0, NULL, NULL, '2023-10-11'),
(589, 62, 180, 0, NULL, NULL, '2023-10-11'),
(590, 62, 24, 0, NULL, NULL, '2023-10-11'),
(591, 29, 182, 0, NULL, NULL, '2023-10-11'),
(592, 42, 182, 0, NULL, NULL, '2023-10-11'),
(594, 41, 182, 0, NULL, NULL, '2023-10-11'),
(595, 25, 97, 0, NULL, NULL, '2023-10-11'),
(596, 37, 182, 0, NULL, NULL, '2023-10-11'),
(597, 33, 182, 0, NULL, NULL, '2023-10-11'),
(598, 40, 183, 0, NULL, NULL, '2023-10-11'),
(599, 42, 183, 1, NULL, NULL, '2023-10-11'),
(600, 43, 183, 0, NULL, NULL, '2023-10-11'),
(601, 41, 183, 0, NULL, NULL, '2023-10-11'),
(602, 33, 183, 0, NULL, NULL, '2023-10-11'),
(603, 37, 183, 1, NULL, NULL, '2023-10-11'),
(604, 25, 163, 0, NULL, NULL, '2023-10-11'),
(605, 23, 184, 0, NULL, NULL, '2023-10-11'),
(606, 54, 184, 0, NULL, NULL, '2023-10-11'),
(607, 76, 184, 0, NULL, NULL, '2023-10-11'),
(608, 52, 184, 0, NULL, NULL, '2023-10-11'),
(609, 65, 184, 0, NULL, NULL, '2023-10-11'),
(610, 25, 125, 0, NULL, NULL, '2023-10-11'),
(612, 29, 187, 0, NULL, NULL, '2023-10-11'),
(613, 42, 187, 1, NULL, NULL, '2023-10-11'),
(614, 41, 187, 0, NULL, NULL, '2023-10-11'),
(615, 37, 187, 1, NULL, NULL, '2023-10-11'),
(616, 72, 190, 0, NULL, NULL, '2023-10-11'),
(617, 79, 190, 0, NULL, NULL, '2023-10-11'),
(622, 79, 191, 0, NULL, NULL, '2023-10-11'),
(625, 77, 191, 0, NULL, NULL, '2023-10-11'),
(638, 40, 194, 0, NULL, NULL, '2023-10-11'),
(639, 57, 20, 0, NULL, NULL, '2023-10-11'),
(640, 8, 190, 0, NULL, NULL, '2023-10-11'),
(641, 72, 20, 0, NULL, NULL, '2023-10-11'),
(644, 77, 20, 0, NULL, NULL, '2023-10-11'),
(645, 35, 20, 0, NULL, NULL, '2023-10-11'),
(646, 46, 24, 0, NULL, NULL, '2023-10-11'),
(647, 25, 157, 0, NULL, NULL, '2023-10-11'),
(648, 25, 198, 0, NULL, NULL, '2023-10-11'),
(649, 25, 197, 0, NULL, NULL, '2023-10-11'),
(650, 79, 198, 0, NULL, NULL, '2023-10-11'),
(651, 79, 197, 0, NULL, NULL, '2023-10-11'),
(652, 54, 198, 0, NULL, NULL, '2023-10-11'),
(653, 54, 197, 0, NULL, NULL, '2023-10-11'),
(654, 29, 81, 0, NULL, NULL, '2023-10-11'),
(655, 42, 81, 1, NULL, NULL, '2023-10-11'),
(656, 41, 81, 0, NULL, NULL, '2023-10-11'),
(657, 37, 81, 1, NULL, NULL, '2023-10-11'),
(658, 33, 81, 0, NULL, NULL, '2023-10-11'),
(659, 72, 186, 0, NULL, NULL, '2023-10-11'),
(660, 50, 186, 0, NULL, NULL, '2023-10-11'),
(661, 50, 168, 0, NULL, NULL, '2023-10-11'),
(662, 79, 186, 0, NULL, NULL, '2023-10-11'),
(663, 79, 168, 0, NULL, NULL, '2023-10-11'),
(664, 43, 168, 0, NULL, NULL, '2023-10-11'),
(665, 43, 186, 0, NULL, NULL, '2023-10-11'),
(666, 41, 186, 0, NULL, NULL, '2023-10-11'),
(667, 41, 168, 0, NULL, NULL, '2023-10-11'),
(668, 45, 199, 0, NULL, NULL, '2023-10-11'),
(669, 77, 199, 0, NULL, NULL, '2023-10-11'),
(670, 64, 199, 0, NULL, NULL, '2023-10-11'),
(671, 52, 199, 0, NULL, NULL, '2023-10-11'),
(673, 8, 200, 0, NULL, NULL, '2023-10-11'),
(674, 79, 200, 0, NULL, NULL, '2023-10-11'),
(676, 72, 200, 0, NULL, NULL, '2023-10-11'),
(678, 35, 112, 0, NULL, NULL, '2023-10-11'),
(679, 43, 200, 0, NULL, NULL, '2023-10-11'),
(680, 27, 190, 0, NULL, NULL, '2023-10-11'),
(682, 27, 200, 0, NULL, NULL, '2023-10-11'),
(683, 8, 112, 0, NULL, NULL, '2023-10-11'),
(686, 43, 201, 0, NULL, NULL, '2023-10-11'),
(688, 42, 202, 1, NULL, NULL, '2023-10-11'),
(689, 79, 202, 0, NULL, NULL, '2023-10-11'),
(690, 79, 201, 0, NULL, NULL, '2023-10-11'),
(691, 43, 202, 0, NULL, NULL, '2023-10-11'),
(692, 37, 202, 1, NULL, NULL, '2023-10-11'),
(693, 35, 202, 0, NULL, NULL, '2023-10-11'),
(694, 35, 201, 0, NULL, NULL, '2023-10-11'),
(701, 8, 194, 0, NULL, NULL, '2023-10-11'),
(703, 50, 201, 0, NULL, NULL, '2023-10-11'),
(706, 79, 203, 0, NULL, NULL, '2023-10-11'),
(707, 50, 203, 0, NULL, NULL, '2023-10-11'),
(708, 43, 203, 0, NULL, NULL, '2023-10-11'),
(709, 37, 203, 1, NULL, NULL, '2023-10-11'),
(710, 35, 203, 0, NULL, NULL, '2023-10-11'),
(711, 20, 204, 1, NULL, NULL, '2023-10-11'),
(712, 72, 204, 0, NULL, NULL, '2023-10-11'),
(713, 34, 204, 0, NULL, NULL, '2023-10-11'),
(714, 76, 208, 0, NULL, NULL, '2023-10-11'),
(715, 79, 209, 0, NULL, NULL, '2023-10-11'),
(716, 23, 209, 0, NULL, NULL, '2023-10-11'),
(718, 52, 209, 0, NULL, NULL, '2023-10-11'),
(719, 45, 149, 0, NULL, NULL, '2023-10-11'),
(723, 22, 201, 0, NULL, NULL, '2023-10-11'),
(724, 79, 106, 0, NULL, NULL, '2023-10-11'),
(725, 77, 211, 0, NULL, NULL, '2023-10-11'),
(726, 25, 213, 0, NULL, NULL, '2023-10-11'),
(727, 8, 18, 0, NULL, NULL, '2023-10-11'),
(728, 20, 216, 1, NULL, NULL, '2023-10-11'),
(729, 15, 216, 0, NULL, NULL, '2023-10-11'),
(730, 23, 217, 0, NULL, NULL, '2023-10-11'),
(732, 37, 216, 1, NULL, NULL, '2023-10-11'),
(733, 21, 217, 0, NULL, NULL, '2023-10-11'),
(734, 79, 217, 0, NULL, NULL, '2023-10-11'),
(735, 52, 217, 0, NULL, NULL, '2023-10-11'),
(736, 35, 217, 0, NULL, NULL, '2023-10-11'),
(737, 8, 218, 0, NULL, NULL, '2023-10-11'),
(738, 78, 31, 0, NULL, NULL, '2023-10-11'),
(739, 50, 31, 0, NULL, NULL, '2023-10-11'),
(740, 40, 31, 0, NULL, NULL, '2023-10-11'),
(742, 56, 221, 0, NULL, NULL, '2023-10-11'),
(745, 43, 221, 0, NULL, NULL, '2023-10-11'),
(746, 66, 221, 0, NULL, NULL, '2023-10-11'),
(747, 24, 223, 0, NULL, NULL, '2023-10-11'),
(749, 41, 188, 0, NULL, NULL, '2023-10-12'),
(750, 72, 188, 0, NULL, NULL, '2023-10-12'),
(752, 43, 188, 0, NULL, NULL, '2023-10-12'),
(753, 50, 188, 0, NULL, NULL, '2023-10-12'),
(754, 79, 188, 0, NULL, NULL, '2023-10-12'),
(755, 41, 189, 0, NULL, NULL, '2023-10-12'),
(756, 43, 189, 0, NULL, NULL, '2023-10-12'),
(757, 79, 189, 0, NULL, NULL, '2023-10-12'),
(758, 72, 189, 0, NULL, NULL, '2023-10-12'),
(759, 50, 189, 0, NULL, NULL, '2023-10-12'),
(760, 41, 226, 0, NULL, NULL, '2023-10-12'),
(761, 43, 226, 0, NULL, NULL, '2023-10-12'),
(762, 79, 226, 0, NULL, NULL, '2023-10-12'),
(763, 72, 226, 0, NULL, NULL, '2023-10-12'),
(764, 50, 226, 0, NULL, NULL, '2023-10-12'),
(765, 76, 227, 0, NULL, NULL, '2023-10-12'),
(767, 24, 228, 0, NULL, NULL, '2023-10-12'),
(768, 38, 218, 0, NULL, NULL, '2023-10-12'),
(769, 24, 230, 0, NULL, NULL, '2023-10-12'),
(770, 24, 148, 0, NULL, NULL, '2023-10-12'),
(771, 8, 222, 0, NULL, NULL, '2023-10-13'),
(772, 22, 222, 0, NULL, NULL, '2023-10-13'),
(773, 79, 222, 0, NULL, NULL, '2023-10-13'),
(774, 53, 222, 0, NULL, NULL, '2023-10-13'),
(775, 57, 222, 0, NULL, NULL, '2023-10-13'),
(776, 15, 222, 0, NULL, NULL, '2023-10-13'),
(777, 71, 222, 0, NULL, NULL, '2023-10-13'),
(779, 35, 222, 0, NULL, NULL, '2023-10-13'),
(780, 21, 18, 0, NULL, NULL, '2023-10-13'),
(781, 78, 32, 0, NULL, NULL, '2023-10-13'),
(782, 15, 220, 0, NULL, NULL, '2023-10-13'),
(783, 39, 232, 0, NULL, NULL, '2023-10-13'),
(784, 53, 232, 0, NULL, NULL, '2023-10-13'),
(785, 59, 232, 0, NULL, NULL, '2023-10-13'),
(786, 33, 232, 0, NULL, NULL, '2023-10-13'),
(789, 38, 18, 0, NULL, NULL, '2023-10-13'),
(790, 42, 233, 1, NULL, NULL, '2023-10-13'),
(791, 31, 233, 0, NULL, NULL, '2023-10-13'),
(793, 41, 233, 0, NULL, NULL, '2023-10-13'),
(794, 64, 233, 0, NULL, NULL, '2023-10-13'),
(795, 52, 233, 0, NULL, NULL, '2023-10-13'),
(796, 57, 6, 0, NULL, NULL, '2023-10-13'),
(797, 35, 6, 0, NULL, NULL, '2023-10-13'),
(798, 41, 235, 0, NULL, NULL, '2023-10-13'),
(799, 43, 235, 0, NULL, NULL, '2023-10-13'),
(800, 79, 235, 0, NULL, NULL, '2023-10-13'),
(801, 72, 235, 0, NULL, NULL, '2023-10-13'),
(802, 50, 235, 0, NULL, NULL, '2023-10-13'),
(803, 20, 236, 1, NULL, NULL, '2023-10-13'),
(804, 22, 236, 0, NULL, NULL, '2023-10-13'),
(805, 57, 236, 0, NULL, NULL, '2023-10-13'),
(806, 43, 236, 1, NULL, NULL, '2023-10-13'),
(807, 37, 236, 1, NULL, NULL, '2023-10-13'),
(808, 35, 236, 0, NULL, NULL, '2023-10-13'),
(809, 8, 94, 0, NULL, NULL, '2023-10-13'),
(810, 79, 237, 0, NULL, NULL, '2023-10-14'),
(811, 23, 237, 0, NULL, NULL, '2023-10-14'),
(812, 79, 238, 0, NULL, NULL, '2023-10-14'),
(813, 21, 238, 0, NULL, NULL, '2023-10-14'),
(814, 20, 238, 1, NULL, NULL, '2023-10-14'),
(815, 53, 238, 0, NULL, NULL, '2023-10-14'),
(818, 42, 238, 1, NULL, NULL, '2023-10-14'),
(820, 59, 238, 0, NULL, NULL, '2023-10-14'),
(821, 61, 238, 0, NULL, NULL, '2023-10-14'),
(822, 49, 238, 0, NULL, NULL, '2023-10-14'),
(823, 51, 238, 0, NULL, NULL, '2023-10-14'),
(824, 28, 238, 0, NULL, NULL, '2023-10-14'),
(825, 31, 240, 0, NULL, NULL, '2023-10-14'),
(826, 77, 240, 0, NULL, NULL, '2023-10-14'),
(827, 15, 241, 0, NULL, NULL, '2023-10-15'),
(829, 52, 38, 0, NULL, NULL, '2023-10-15'),
(830, 77, 243, 0, NULL, NULL, '2023-10-15'),
(831, 41, 243, 0, NULL, NULL, '2023-10-15'),
(833, 24, 244, 0, NULL, NULL, '2023-10-15'),
(834, 75, 244, 0, NULL, NULL, '2023-10-15'),
(835, 52, 244, 0, NULL, NULL, '2023-10-15'),
(837, 20, 248, 1, NULL, NULL, '2023-10-16'),
(838, 22, 248, 0, NULL, NULL, '2023-10-16'),
(839, 53, 248, 0, NULL, NULL, '2023-10-16'),
(840, 58, 248, 0, NULL, NULL, '2023-10-16'),
(841, 73, 248, 0, NULL, NULL, '2023-10-16'),
(844, 41, 248, 0, NULL, NULL, '2023-10-16'),
(845, 71, 248, 0, NULL, NULL, '2023-10-16'),
(846, 51, 248, 0, NULL, NULL, '2023-10-16');

--
-- Acionadores `tb_evento_usuario`
--
DELIMITER $$
CREATE TRIGGER `trigger_excluir_log_tb_evento_usuario` AFTER DELETE ON `tb_evento_usuario` FOR EACH ROW BEGIN
    -- Inserir os dados na tabela log_tb_evento_usuario após a exclusão
    INSERT INTO log_tb_evento_usuario (nome_evento, nome_usuario, tipo_operacao, data_hora)
    SELECT
        (SELECT titulo FROM tb_evento WHERE id = OLD.id_evento),
        (SELECT nome FROM tb_usuario WHERE id = OLD.id_usuario),
        'DESCADASTRAR',
        NOW();
END
$$
DELIMITER ;
DELIMITER $$
CREATE TRIGGER `trigger_inserir_log_tb_evento_usuario` AFTER INSERT ON `tb_evento_usuario` FOR EACH ROW BEGIN
    -- Inserir os dados na tabela log_tb_evento_usuario após a inserção
    INSERT INTO log_tb_evento_usuario (nome_evento, nome_usuario, tipo_operacao, data_hora)
    SELECT
        (SELECT titulo FROM tb_evento WHERE id = NEW.id_evento),
        (SELECT nome FROM tb_usuario WHERE id = NEW.id_usuario),
        'CADASTRAR',
        NOW();
END
$$
DELIMITER ;

-- --------------------------------------------------------

--
-- Estrutura para tabela `tb_proponente`
--

CREATE TABLE `tb_proponente` (
  `id` int(11) NOT NULL,
  `nome` varchar(255) NOT NULL,
  `titulacao` varchar(500) NOT NULL,
  `url` varchar(255) NOT NULL
) ENGINE=InnoDB DEFAULT CHARSET=utf8mb4 COLLATE=utf8mb4_unicode_ci;

--
-- Despejando dados para a tabela `tb_proponente`
--

INSERT INTO `tb_proponente` (`id`, `nome`, `titulacao`, `url`) VALUES
(7, 'Erik Takeshi Miura', 'Graduando - TADS', 'storage/images/avatar/'),
(8, 'Maycon Douglas Dias da Silva', 'Graduando - TADS', 'storage/images/avatar/'),
(9, 'Naoki Rafael Miura', 'Graduando - TADS', 'storage/images/avatar/'),
(10, 'Letícia Bittencourt Vieira', 'Graduando - TADS', 'storage/images/avatar/'),
(18, 'Takeshi Miura', 'Graduando em Tecnologia em Análise e Desenvolvimento de Sistemas, Biotecnólogo', 'storage/images/avatar/palestraTakeshi Miura.png'),
(19, 'Camila Eliza Fernandes Pazzini', 'Mestra em Bioquímica, Nutricionista do Câmpus Formosa', 'storage/images/avatar/palestraCamila Eliza Fernandes Pazzini.jpg'),
(20, 'Naoki Rafael Miura', 'Graduando em Tecnologia em Análise e Desenvolvimento de Sistemas', 'storage/images/avatar/palestraNaoki Rafael Miura.png'),
(22, 'Leandro Santos Goulart', 'Doutorando em Ensino de Ciências e Matemática pela UEL-PR; Doutorado em Zoologia;', 'storage/images/avatar/palestraLeandro Santos Goulart.jpg'),
(24, 'Maycon Douglas', 'Fullstack Developer, Graduando em Tecnologia em Análise e Desenvolvimento de Sistemas', 'storage/images/avatar/palestraMaycon Douglas.jpg'),
(25, 'Matheus Damacena', 'Graduando em Tecnologia em Análise e Desenvolvimento de Sistemas', 'storage/images/avatar/palestraMatheus Damacena.png'),
(26, 'Thiago Gabriel Barbosa Ribeiro Cecilio Daher', 'Mestrado em Turismo. Com graduação em Agronomia, Gestão em Agronegócios e especialização Lato senso em Engenharia de Segurança do Trabalho.', 'storage/images/avatar/placeholder.jpeg'),
(27, 'João Renato Carneiro de Aguiar', 'Arquiteto e Urbanista graduado pelo Centro Universitário de Brasília - Uniceub', 'storage/images/avatar/placeholder.jpeg'),
(28, 'Afrânio Furtado de Oliveira Neto', 'Mestre em Educação e Tecnologia', 'storage/images/avatar/palestraAfrânio Furtado de Oliveira Neto.jpg'),
(29, 'Aline da Conceição Lopes Braz', 'Graduanda em Ciências Sociais', 'storage/images/avatar/palestraAline da Conceição Lopes Braz.jpg'),
(30, 'Denise Barbosa Santos', 'ODONTÓLOGA - Educação em Saúde', 'storage/images/avatar/placeholder.jpeg'),
(31, 'Marcos Augusto Schliewe', 'Graduação em Ciências Biológicas - UFG; Mestrado em Biologia - UFG; Doutorado em Botânica - UNB', 'storage/images/avatar/palestraMarcos Augusto Schliewe.png'),
(32, 'Edson Rodrigo Borges', 'Mestre em Ciência da Arte', 'storage/images/avatar/palestraEdson Rodrigo Borges.jpg'),
(33, 'Ana Carolina Nunes Pereira', 'Consultora de Pesquisa e Desenvolvimento na EJ Zenit Aerospace | Eng. Aeroespacial, UnB', 'storage/images/avatar/palestraAna Carolina Nunes Pereira.jpg'),
(34, 'Haissa Melo de Lima Gunther', 'Graduação em Ciências Biológicas pela UFR; Bacharelado e licenciatura e mestrado em Desenvolvimento Regional e Meio Ambiente, área de concentração em Ambiente, Saúde e Sustentabilidade - UFR;', 'storage/images/avatar/palestraHaissa Melo de Lima Gunther.jpg'),
(35, 'Jamily Luiza Marques Lourenço', 'Presidente do Grêmio IFG Formosa, Estudante de Biotecnologia', 'storage/images/avatar/palestraJamily Luiza Marques Lourenço.jpg'),
(36, 'Patricia Castilhos', 'Mestra em Imunologia e Parasitologia Aplicadas', 'storage/images/avatar/palestraPatricia Castilhos.jpg'),
(40, 'Eduarda Machado de Andrade', 'Estudante de Biotecnologia', 'storage/images/avatar/palestraEduarda Machado de Andrade.webp'),
(41, 'Sara Cândido Fernandes', 'Graduanda em Análise e Desenvolvimento de Sistemas', 'storage/images/avatar/palestraSara Cândido Fernandes.jpg'),
(42, 'Jeniffer Santana Pereira Santos', 'Graduanda em Tecnologia em Análise e Desenvolvimento de Sistemas', 'storage/images/avatar/palestraJeniffer Santana Pereira Santos.jpg'),
(43, 'Agno Alves Vieira', 'Engenharia Civil/ Doutor em Estruturas e Construção Civil', 'storage/images/avatar/placeholder.jpeg'),
(44, 'Daniel Ordine Vieira Lopes', 'Dr. em Física', 'storage/images/avatar/palestraDaniel Ordine Vieira Lopes.jpg'),
(45, 'Eleusa Pereira dos Santos', 'Analista de Sistemas/TI Sócia Administradora da EDM CURSOS HARDWARE & SOFTWARE LTDA', 'storage/images/avatar/palestraEleusa Pereira dos Santos.png'),
(46, 'Everton Leon Sousa SIlva', 'Graduando em Análise e Desenvolvimento de Sistemas', 'storage/images/avatar/palestraEverton Leon Sousa SIlva.jpg'),
(47, 'Letícia Bittencourt Vieira', 'Graduando em Análise e Desenvolvimento de Sistema', 'storage/images/avatar/palestraLetícia Bittencourt Vieira.jpg'),
(48, 'Flavia Espindula dos Santos', 'Graduada em Pedagogia; Pós em: Gestão, Supervisão e Orientação Educacional; Graduanda em Biologia', 'storage/images/avatar/palestraFlavia Espindula dos Santos.jpg'),
(49, 'Hans Magno Alves Ramos', 'Graduado e mestre em Filosofia', 'storage/images/avatar/placeholder.jpeg'),
(50, 'Jane Rodrigues Dos Santos', 'Licenciatura em Ciências Biológicas', 'storage/images/avatar/palestraJane Rodrigues Dos Santos.jpg'),
(51, 'João Marcos de Sousa Pieniz', 'Estudante de Ensino Médio Integrado com Técnico em Saneamento', 'storage/images/avatar/palestraJoão Marcos de Sousa Pieniz.jpg'),
(52, 'Kelly Cristina da Silva Leite', 'Graduada em Ciências Biológicas', 'storage/images/avatar/palestraKelly Cristina da Silva Leite.jpg'),
(53, 'Lionezia Camila Guimarães Azevedo', 'Graduada em Ciências Biológicas', 'storage/images/avatar/palestraLionezia Camila Guimarães Azevedo.jpg'),
(54, 'Luana Vieira Rocha', 'Graduanda em Análise e Desenvolvimento de Sistemas', 'storage/images/avatar/palestraLuana Vieira Rocha.jpg'),
(55, 'Mariana Toledo Ferreira', 'Doutora em Sociologia, professora do IFG', 'storage/images/avatar/palestraMariana Toledo Ferreira.jpg'),
(56, 'Mateus Barbosa dos Santos', 'Graduando em licenciatura em ciências biológicas', 'storage/images/avatar/palestraMateus Barbosa dos Santos.jpg'),
(57, 'Nicaele Teixeira dos Santos', 'Graduanda em Ciências Biológicas', 'storage/images/avatar/palestraNicaele Teixeira dos Santos.jpg'),
(58, 'Pablo Vandré Jacob Furlan', 'Doutor em Matemática.', 'storage/images/avatar/palestraPablo Vandré Jacob Furlan.jpg'),
(59, 'Renata Eduarda Gonçalves Marques', 'Graduanda em Ciências Biologicas (Licenciatura)', 'storage/images/avatar/palestraRenata Eduarda Gonçalves Marques.jpg'),
(60, 'Tiago Oliveira Cortes Machado', 'Ensino Superior em Andamento', 'storage/images/avatar/palestraTiago Oliveira Cortes Machado.jpg'),
(61, 'Vinícius Silva Pinto', 'Prof. Dr. Química atuante nos cursos de Biotecnologia e Biologia', 'storage/images/avatar/palestraVinícius Silva Pinto.jpg'),
(62, 'Zenit Aerospace', 'Empresa júnior da UnB', 'storage/images/avatar/palestraZenit Aerospace.jpg'),
(64, 'Gláucia Mendes da Silva', 'Graduada Língua Portuguesa e Literatura Brasileira / Licenciada em Letras Português e Inglês pela UFG /Mestre em Teoria Literária pela UFU', 'storage/images/avatar/palestraGláucia Mendes da Silva.jpg'),
(65, 'Namuhell Oliveira da Silva', 'Biólogo - Doutorando em Patologia Molecular. Egresso do Curso de Biologia do IFG', 'storage/images/avatar/palestraNamuhell Oliveira da Silva.jpg'),
(66, 'Hendrew Neres de Queiroz', 'Graduando em Análise e Desenvolvimento de Sistemas', 'storage/images/avatar/palestraHendrew Neres de Queiroz.jpg'),
(67, 'Luciana Campos de Oliveira Dias', 'Doutora em Educação', 'storage/images/avatar/palestraLuciana Campos de Oliveira Dias.jpg'),
(68, 'Diego da Silva', 'Graduando em Ciências Sociais', 'storage/images/avatar/palestraDiego da Silva.jpg'),
(69, 'Alécio Junior Mattana', 'Professor e Engenheiro Civil', 'storage/images/avatar/placeholder.jpeg'),
(70, 'Ariane Bocaletto Frare', 'Ciências Biológicas', 'storage/images/avatar/palestraAriane Bocaletto Frare.jpg'),
(71, 'Adriana Martini Martins', 'Graduada e Licenciada em Química; Mestre em Química Orgânica; Doutora em Educação em Ciências', 'storage/images/avatar/palestraAdriana Martini Martins.jpg'),
(72, 'Luís Cláudio Rocha Henriques de Moura', 'Historiador e Cientista Social - Doutor em História - UnB.', 'storage/images/avatar/palestraLuís Cláudio Rocha Henriques de Moura.jpg'),
(73, 'Fabiano Paiva Vieira', 'Saúde e Biotecnologia', 'storage/images/avatar/palestraFabiano Paiva Vieira.jpg'),
(74, 'Alice Yasmim Santos Dourado', 'Estudante de Saneamento', 'storage/images/avatar/palestraAlice Yasmim Santos Dourado.jpg'),
(76, 'Gabriel Gomes dos Santos', 'Graduando em Engenharia civil pelo IFG', 'storage/images/avatar/palestraGabriel Gomes dos Santos.jpg'),
(77, 'Heron Lima Ghunter', '.', 'storage/images/avatar/placeholder.jpeg'),
(78, 'Oberdan Quintino de Ataídes', 'Mestre em Educação pela Universidade Católica de Brasília - UCB. Graduação em Geografia pela Universidade Estadual de Goiás , Graduação em HISTÓRIA pela Universidade Estadual de Goiás  e Ciências Sociais pela Universidade Cruzeiro do Sul.', 'storage/images/avatar/palestraOberdan Quintino de Ataídes.png'),
(79, 'Uyara Ferreira Silva', 'Doutora em Ciência da Computação', 'storage/images/avatar/palestraUyara Ferreira Silva.jpg'),
(80, 'Thaís Amaral e Sousa', 'graduação em Ciências Biológicas Modalidade Licenciatura pela Universidade Estadual de Goiás (2004), Mestrado (2007) e Doutorado (2011) em Ciências, Área de Concentração - Bioquímica, pela Faculdade de Medicina de Ribeirão Preto da Universidade de São Pau', 'storage/images/avatar/palestraThaís Amaral e Sousa.png'),
(81, 'Antonio Barbosa', '.', 'storage/images/avatar/placeholder.jpeg'),
(82, 'José Rafael', '.', 'storage/images/avatar/placeholder.jpeg'),
(83, 'Elison Rosemburg Alves', '.', 'storage/images/avatar/placeholder.jpeg'),
(84, 'Suzana de Sousa Alves', '.', 'storage/images/avatar/placeholder.jpeg'),
(85, 'Ivan Engler', 'COOPERMISTA - Cooperativa de Agricultura Familiar Mista do DF', 'storage/images/avatar/palestraIvan Engler.png'),
(86, 'Bruno Quirino Leal', 'Gerente de Pesquisa, Pós-Graduação e Extensão do IFG/Formosa', 'storage/images/avatar/palestraBruno Quirino Leal.png'),
(87, 'Divino Gabriel', '.', 'storage/images/avatar/placeholder.jpeg'),
(89, 'Murilo Teles Domingues', 'Professor / Doutorando / Saneamento', 'storage/images/avatar/palestraMurilo Teles Domingues.png');

-- --------------------------------------------------------

--
-- Estrutura para tabela `tb_proponente_evento`
--

CREATE TABLE `tb_proponente_evento` (
  `id` int(11) NOT NULL,
  `id_evento` int(11) NOT NULL,
  `id_proponente` int(11) NOT NULL
) ENGINE=InnoDB DEFAULT CHARSET=utf8mb4 COLLATE=utf8mb4_unicode_ci;

--
-- Despejando dados para a tabela `tb_proponente_evento`
--

INSERT INTO `tb_proponente_evento` (`id`, `id_evento`, `id_proponente`) VALUES
(28, 15, 18),
(29, 15, 20),
(30, 15, 25),
(31, 15, 28),
(32, 15, 29),
(49, 20, 36),
(50, 20, 40),
(53, 22, 35),
(63, 25, 19),
(64, 26, 50),
(65, 27, 27),
(67, 24, 48),
(68, 24, 53),
(69, 24, 56),
(70, 24, 57),
(71, 24, 59),
(72, 24, 60),
(73, 24, 61),
(74, 28, 31),
(76, 23, 43),
(79, 30, 66),
(82, 31, 68),
(83, 31, 67),
(84, 31, 55),
(86, 33, 70),
(87, 34, 49),
(95, 35, 44),
(96, 35, 76),
(97, 35, 41),
(102, 38, 46),
(103, 38, 42),
(105, 39, 34),
(110, 42, 74),
(111, 42, 32),
(112, 43, 74),
(113, 43, 32),
(115, 29, 65),
(119, 45, 71),
(120, 45, 35),
(124, 47, 32),
(125, 47, 72),
(126, 47, 78),
(128, 49, 22),
(129, 50, 32),
(130, 50, 72),
(131, 51, 51),
(132, 51, 22),
(134, 53, 35),
(138, 56, 64),
(139, 57, 58),
(140, 58, 54),
(148, 61, 71),
(149, 61, 35),
(150, 60, 27),
(151, 62, 61),
(158, 66, 51),
(166, 8, 79),
(167, 72, 45),
(168, 33, 80),
(169, 53, 80),
(170, 73, 35),
(171, 73, 84),
(172, 74, 81),
(173, 75, 82),
(177, 48, 29),
(178, 48, 85),
(179, 77, 86),
(180, 78, 86),
(181, 78, 73),
(182, 78, 78),
(183, 71, 29),
(184, 64, 29),
(185, 64, 85),
(186, 59, 52),
(187, 59, 36),
(194, 40, 32),
(195, 40, 72),
(196, 76, 83),
(197, 79, 44),
(198, 79, 87),
(199, 36, 34),
(200, 36, 77),
(201, 65, 29),
(202, 41, 32),
(203, 41, 72),
(204, 8, 24),
(205, 8, 18),
(207, 8, 47),
(208, 8, 28),
(209, 8, 20),
(213, 46, 30),
(214, 55, 30),
(215, 81, 30),
(216, 78, 89),
(221, 54, 26),
(222, 21, 33),
(223, 21, 62),
(224, 63, 29),
(227, 37, 71),
(228, 37, 32),
(229, 52, 69);

-- --------------------------------------------------------

--
-- Estrutura para tabela `tb_redes_proponente`
--

CREATE TABLE `tb_redes_proponente` (
  `id_proponente` int(11) NOT NULL,
  `rede1` varchar(255) DEFAULT NULL,
  `rede2` varchar(255) DEFAULT NULL,
  `rede3` varchar(255) DEFAULT NULL
) ENGINE=InnoDB DEFAULT CHARSET=utf8mb4 COLLATE=utf8mb4_unicode_ci;

--
-- Despejando dados para a tabela `tb_redes_proponente`
--

INSERT INTO `tb_redes_proponente` (`id_proponente`, `rede1`, `rede2`, `rede3`) VALUES
(18, 'https://www.linkedin.com/in/e-takeshimiura/', 'https://github.com/Takeshi-mi/', NULL),
(19, NULL, NULL, NULL),
(20, 'https://www.linkedin.com/in/naoki-rafael-miura-a78010224/', NULL, NULL),
(22, 'http://www.ifgoias.edu.br/eventos-em-andamento/78-ifg/campus/formosa/2183-leandro-santos-goulart', 'https://integra.ifg.edu.br/portfolio/pessoas/leandro-santos-goulart/pibid', '@leogoulart.75'),
(24, 'https://github.com/maykkk1', 'https://www.linkedin.com/in/maycondouglasdev/', NULL),
(25, 'https://www.instagram.com/m_damacena7/', 'https://www.linkedin.com/in/matheus-damacena-carvalho-19bb74255/', NULL),
(26, 'http://lattes.cnpq.br/7979725571727957', NULL, NULL),
(27, 'https://www.escavador.com/sobre/3999427/joao-renato-carneiro-de-aguiar', NULL, NULL),
(28, 'http://lattes.cnpq.br/1169788371765122', 'https://integra.ifg.edu.br/p/afranio-furtado-de-oliveira-neto', NULL),
(29, 'http://lattes.cnpq.br/0732867986536129', NULL, NULL),
(30, 'Lattes: http://lattes.cnpq.br/5211830757765681', 'Orcid: https://orcid.org/0000-0002-8958-836X', NULL),
(31, 'https://www.escavador.com/sobre/6529522/marcos-augusto-schliewe', NULL, NULL),
(32, 'http://lattes.cnpq.br/4050289531906576', NULL, NULL),
(33, 'https://www.linkedin.com/in/ana-carolina-nunes-pereira-353085242/?originalSubdomain=br', NULL, NULL),
(34, 'https://www.ifg.edu.br/servidor/78-ifg/campus/formosa/8297-haissa-melo-de-lima-gunther', NULL, NULL),
(35, NULL, NULL, NULL),
(36, 'https://www.linkedin.com/in/patricia-castilhos-68a4b065/?originalSubdomain=br', NULL, NULL),
(40, '@dud_idk_', 'https://www.linkedin.com/in/eduarda-machado-de-andrade-145356257', NULL),
(41, NULL, NULL, NULL),
(42, '@Jeniffer_Santana_ps', NULL, NULL),
(43, NULL, NULL, NULL),
(44, 'http://lattes.cnpq.br/7471708381279291', 'https://www.instagram.com/danfisico/', NULL),
(45, '@edmcursos', NULL, NULL),
(46, 'https://www.linkedin.com/in/everton-leon-37574b263/', 'https://github.com/Everton-Leon', '@everton.leon7'),
(47, '@leh.bittencourt', NULL, NULL),
(48, 'https://www.linkedin.com/in/flaviinha-espindulla-3bba21128?lipi=urn%3Ali%3Apage%3Ad_flagship3_profile_view_base_contact_details%3By25hQVrIR%2BemzC3DLfwIhQ%3D%3D', 'http://lattes.cnpq.br/7835229026654982', '@_mellquiades'),
(49, NULL, NULL, NULL),
(50, '@jannyl0pez', NULL, NULL),
(51, '@joaopieniz', NULL, NULL),
(52, 'kelly_silvaleit', NULL, NULL),
(53, '@lionezia_camila', NULL, NULL),
(54, 'https://lattes.cnpq.br/8616676254854815', 'https://www.linkedin.com/in/luana-vieira-rocha-304238236?utm_source=share&utm_campaign=share_via&utm_content=profile&utm_medium=android_app', '@luanav.rocha'),
(55, 'http://lattes.cnpq.br/5504641286397284', NULL, NULL),
(56, 'https://lattes.cnpq.br/6247264012838827', NULL, NULL),
(57, '@niquinhatds', 'https://buscatextual.cnpq.br/buscatextual/visualizacv.do?id=K8698462H8&tokenCaptchar=03AFcWeA5ahedZyTWBAgMLrZV28xJk05ROMxMfe_88qp9BVKOVVmaxwcOAxZnUCI1zGaoJezE-Nz3owQfECu2COBXNMHmkebC-b2kLEk7SDAFEAofvJaIcDAoc5hRrq7XpLTOtUTVHgDThqvLz5CYsE9i2ILQEeWBogNmT3BJQ', NULL),
(58, NULL, NULL, NULL),
(59, 'http://lattes.cnpq.br/2585441377362160', NULL, NULL),
(60, 'http://lattes.cnpq.br/8481210931255760', 'https://www.instagram.com/tiago.machado/', NULL),
(61, 'http://buscatextual.cnpq.br/buscatextual/visualizacv.do?id=S5555925', NULL, NULL),
(62, 'https://www.zenitaerospace.com/', 'contato@zenitaerospace.com', NULL),
(64, 'http://lattes.cnpq.br/0816570498024268', 'https://www.instagram.com/glauciaepedro.tea/', NULL),
(65, 'https://www.linkedin.com/in/namuhell-oliveira-da-silva-30a646a3/', NULL, NULL),
(66, 'https://www.linkedin.com/in/hendrewneres/', 'https://github.com/drewneres', 'https://www.instagram.com/drewneres/'),
(67, 'http://lattes.cnpq.br/3293737460598691', NULL, NULL),
(68, 'http://lattes.cnpq.br/7138188984271058', NULL, NULL),
(69, NULL, NULL, NULL),
(70, 'https://lattes.cnpq.br/9984435027737343', NULL, NULL),
(71, 'http://lattes.cnpq.br/3406675575573375', NULL, NULL),
(72, 'http://lattes.cnpq.br/5369307085044727', NULL, NULL),
(73, 'http://lattes.cnpq.br/2075324643025007', NULL, NULL),
(74, '@alice.yasmimm', NULL, NULL),
(76, NULL, 'https://wwws.cnpq.br/cvlattesweb/PKG_MENU.menu?f_cod=B017A74B774F8AA91F3F53B8EAF5BF08#', NULL),
(77, NULL, NULL, NULL),
(78, 'https://ifg.edu.br/editais-pesquisa-e-pos-graduacao/em-andamento/78-ifg/campus/formosa/2239-oberdan-quintino-de-ataides', NULL, NULL),
(79, '@uyara.ferreira', 'http://lattes.cnpq.br/7088277920062488', 'https://www.escavador.com/sobre/5563376/uyara-ferreira-silva'),
(80, 'https://www.escavador.com/sobre/5866306/thais-amaral-e-sousa', NULL, NULL),
(81, NULL, NULL, NULL),
(82, NULL, NULL, NULL),
(83, NULL, NULL, NULL),
(84, NULL, NULL, NULL),
(85, '@coopermista', NULL, NULL),
(86, NULL, NULL, NULL),
(87, NULL, NULL, NULL),
(89, NULL, NULL, NULL);

-- --------------------------------------------------------

--
-- Estrutura para tabela `tb_tipo_evento`
--

CREATE TABLE `tb_tipo_evento` (
  `id` int(11) NOT NULL,
  `nome` varchar(50) NOT NULL
) ENGINE=InnoDB DEFAULT CHARSET=utf8mb4 COLLATE=utf8mb4_unicode_ci;

--
-- Despejando dados para a tabela `tb_tipo_evento`
--

INSERT INTO `tb_tipo_evento` (`id`, `nome`) VALUES
(1, 'palestra'),
(2, 'mini-curso'),
(3, 'oficina'),
(4, 'hackathon'),
(5, 'exposição'),
(6, 'mesa redonda'),
(7, 'visita técnica'),
(8, 'encontro de egressos');

-- --------------------------------------------------------

--
-- Estrutura para tabela `tb_usuario`
--

CREATE TABLE `tb_usuario` (
  `id` int(11) NOT NULL,
  `nome` varchar(255) DEFAULT NULL,
  `senha` varchar(255) DEFAULT NULL,
  `cpf` varchar(255) DEFAULT NULL,
  `email` varchar(255) NOT NULL,
  `token` varchar(255) NOT NULL,
  `status` varchar(255) NOT NULL
) ENGINE=InnoDB DEFAULT CHARSET=utf8mb4 COLLATE=utf8mb4_unicode_ci;

--
-- Despejando dados para a tabela `tb_usuario`
--

INSERT INTO `tb_usuario` (`id`, `nome`, `senha`, `cpf`, `email`, `token`, `status`) VALUES
(4, 'Carlos Henrique Teixeira De Carvalho Neto', '$2y$10$WbEtRIxJCNO8b3VgNzF4b.9qC1YoajzcfCSfZcLfMAlvUnIGpgeVa', '08155665143', 'carlosneto726@gmail.com', '', '1'),
(6, 'Afranio Furtado de Oliveira Neto', '$2y$10$xsRRxDJMspfz32aF4CuoauiPQo3afMFj30stHCnvoNTTGJqENych6', '07168132628', 'afranio.neto@ifg.edu.br', '', '1'),
(12, 'Jocimara', '$2y$10$JtHm2Py2uqiLFsHfGAv61uSjiej3IO4zRWy6RyQz8MHl3zhvbiK3S', '70161283934', 'jolara.lara@gmail.com', '', '1'),
(14, 'Marlus Da Conceição Da Silva', '$2y$10$ypS5eg10o.ssJbh52AV5/.9yzLCkQ7nnjUPEvxRxEIMR0QA20aKhm', '04760149139', 'marlussilva5816@gmail.com', '', '1'),
(15, 'Leandro', '$2y$10$SiKlOGltKWmdICcFQD6Lm.ncPIgAaPDtkGi4F2Y2hZg9zpQ.oUsrq', '71362386170', 'leosousasantos@icloud.com', '', '1'),
(18, 'Maycon Douglas', '$2y$10$zSbv0OrvBbl76ODh1Kr55eoV7IB31onilvkllaHDuN4LmcC2Tzvq.', '06573210107', 'maycon5591@gmail.com', '3DXLb0XtSsVhU5JrDcjsCFPDdtGKn089crkwSds9kt1foyCiWFhXZxuLmTK0', '1'),
(20, 'Erik Takeshi Miura', '$2y$10$4Pfhl4slgAblazLxCh21TOVEUytCzOeIDpnE/bOM.LP7STdyG.7H6', '70773662197', 'takeshi.miura@estudantes.ifg.edu.br', '0', '1'),
(22, 'Hendrew Neres de Queiroz', '$2y$10$hDTR/lRL2L.ts4TDKyhN0O4G6p3Bk8fyI6Ha3YE4o9c.BA/sS1KAC', '06683012105', 'hendrewneresfsa@hotmail.com', '', '1'),
(23, 'Pedro Henrique Barros de Oliveira Ribeiro', '$2y$10$tvi1psACJGElcbKHTrTtUeEF1tUlfTQI.98J0Mmd7Y7u2KzteLnQm', '08662313159', 'pb948697@gmail.com', '', '1'),
(24, 'Keliany Cardoso Maciel Da Silva', '$2y$10$ZI9y2bD9NOyUrtyCr4ZlFeKYnPo/0w0EjuT0AsEAdhIdW8ouV5Hde', '03188204124', 'kelianysilva3006@gmail.com', '', '1'),
(26, 'Márcio Pereira de Barros Júnior', '$2y$10$5j9Dh0waoU2yS4bM4MvrzOH5FiAMNLM4oJy.i.h4VNzJjKf2BLptK', '03898746127', 'marciojr.biologia@gmail.com', '', '1'),
(27, 'Juciely Sivirino Vieira', '$2y$10$dmCDx/GUDwmL5Kh9AHCOOemm03FWomb9cF4/rOg9fPv50D01b.Vja', '09001275117', 'jucielyvieira2002@gmail.com', '', '1'),
(28, 'Daniela Soares de Melo', '$2y$10$MLLFzYzopXxBlK4/EN8ThOTkVEuXuR9x7bxyyOegw8XFXXSEWJ1HC', '07843101144', 'danielasmelo232@gmail.com', '', '1'),
(29, 'Anna Clara Matias Saraiva', '$2y$10$iXqVGuUgob24ajq8bp/0veNpl3zRSHqxaBREZehZgTrt.SrznlLt2', '09610087175', 'annaclaramatiassaraiva7@gmail.com', '', '1'),
(30, 'Flávia Espindula Dos Santos', '$2y$10$o8ydFkADpbrOdUfxM4qJjO0WsEolQ.FxX..a.Rfp4668zUJ0Jundu', '04635465128', 'flaviaespindulla@gmail.com', '', '1'),
(31, 'Naiara Pereira de Andrade', '$2y$10$cWvBrYA0fvAqWq8gErzJbetZ66GxMEJ2RrchOFlfP.WteYvvTU4F6', '06303377130', 'naiarafsa98@gmail.com', '', '1'),
(32, 'Mariany Chaves Lessa', '$2y$10$2Qn2ehRGTcgbljccHpVEkeoR4scur4QZEP76s4fvdOjmjXswf7/32', '70957521170', 'Chaves.lessa@estudantes.ifg.edu.br', '0', '1'),
(33, 'Victor Gonçalves nora', '$2y$10$8q9K1uuHEQ259JqeKIusGOkEmvVtH6MaIrcBFaUYm3Mh2m7B/JbkS', '04189315184', 'victorgnora@gmail.com', '', '1'),
(34, 'Mariany Chaves Lessa', '$2y$10$U/Gb21NyhySjWCr5Jts3CeWh2GWYi5xgvm7E2yTC7DUt3F03gbQFe', '86462903104', 'marianychaves134@gmail.com', '', '1'),
(35, 'Tawane Rodrigues Santos', '$2y$10$TLEq5g3qxvZE/TbE3Em0Reie/PYTkKmM9UnMhShGCwg5vB6XNNDB2', '70934733180', 'tawanesantos0@gmail.com', '', '1'),
(37, 'Rogério Alan Bezerra', '$2y$10$suksaJ7G7J3iV1be6wzLduJefUCDDfT2XB60dpvH3TeFAbeAA5zuC', '47668520104', 'rogeriolobaofsa@gmail.com', '', '1'),
(38, 'Samuel Neves Guimarães', '$2y$10$3aNakcVIULRdG8LsGLQaTezKqiw7hs4TTQtF64Ai2IbJkbTLAiYxq', '71123376158', 'guimaraessamuel58@gmail.com', '', '1'),
(39, 'Felipe de Lima Martelli', '$2y$10$g0Ysnvns76l3bCk2KzED/Onfciw.URifVFntvm.R2YpWE/vNP1Z3G', '37192040819', 'martelli.felipe@estudantes.ifg.edu.br', '0', '1'),
(40, 'Juliano Marcelo Schaurich Júnior', '$2y$10$vjLS5x5.izNWrm33BJGbjeTCsHEGZVmQO//wYkxfIeU2dRRATZNiO', '10221647910', 'schaurich.junior@gmail.com', 'PEMhwopwQ4YgfG6lqO0OYNtgW9cCMdAQ2mcY4mC6k2Yb936fbcFsge0eatQd', '1'),
(41, 'Vitória Moreira de Melo', '$2y$10$tYWZUXtZVBbB8kYiaOrcB.2TWgMmMQ0Y40mqk8zqRAzgeIUL728LK', '70872621146', 'vitoria.moreira@estudantes.ifg.edu.br', '', '1'),
(42, 'Ana Paula Lessa e Souza', '$2y$10$UIyPaunToRFLNWYigPx8augCeX6RLpaZxOcx3gE85EkYEbrjLOpEG', '05633090160', 'lessaesouzaanapaula@gmail.com', '', '1'),
(43, 'alice Yasmim santos dourado', '$2y$10$TvAhJbVQcobagAlHf.CEwOOhKOprSFCmv3fTMtE4Dk8eJBabckjYG', '05941169108', 'alice.y@estudantes.ifg.edu.br', '0', '1'),
(45, 'Emily Camila de Jesus Costa', '$2y$10$2HNGN8UFl/CuETEAZUWWSePfkX.iaThwtMbIjO.dug.GuRHDnvR.G', '06871266143', 'emilycamiladejesuscosta@gmail.com', '', '1'),
(46, 'Felipe de Lima Martelli', '$2y$10$r.E1I8EJaEq2.sJWQpNaoOTpfY1oPU94/bdA3OyFgcTZlCdkpqDoC', '32362142876', 'felipelimamartelli@gmail.com', '', '1'),
(48, 'Cairo Henrique Vaz Cotrim', '$2y$10$KrgnNH3hIVjBmHna3JnlhuV.gNzRdIuk/Xmah/3h54EwuyPS2v4ae', '04994003130', 'cairo.h.vaz@gmail.com', '', '1'),
(49, 'Marina Conceição dos Santos Moreira', '$2y$10$JWLDmI//cI08SSAiyWvRrOcTOIOP73dNKrN9uqy7Toa4PjPoE37qS', '03680195192', 'marina.moreira@ifg.edu.br', '', '1'),
(50, 'MARIA EDUARDA FERREIRA MAGALHÃES', '$2y$10$uerzqBQmEItyNbPLScI8rOg77/nOcT0hUvv8kw2X9Qhpovp3Ne5oS', '09838116106', 'maduf340@gmail.com', '', '1'),
(51, 'Aitana D\'arc', '$2y$10$nMjO5Lr9ZZlG2axxi1eAleQ0uMlWzzeb72AG6nfuvWpTVRHxeEnAm', '71223667154', 'aitanadarc9@gmail.com', '', '1'),
(52, 'João Marcos de Sousa Pieniz', '$2y$10$qhPOF27xAEYB40XCHtbuo.GK2Hf6q/8Ke2SLoviZmsgX.Fs7Vn0eu', '09494785126', 'joaopieniz@gmail.com', '', '1'),
(53, 'Vitória Melo Machado', '$2y$10$bNa4UXPFsn.RbAiJRVMoE.utBD57IJ.YhRIrNBVrY4IjNDDxX5Ooe', '15689176605', 'melo.vitoria@estudantes.ifg.edu.br', '', '1'),
(54, 'Felipe da silva leite Junior', '$2y$10$/ReY5XuFD5uDFM1IijQbh.TmQGIXogX8F3uGNl44LJXfNq5YxAoKq', '03247494146', 'felipeleitejr@gmail.com', '', '1'),
(55, 'Mateus Barbosa dos Santos', '$2y$10$XsOyPpEO5JhPBnxtzLCmlOrAlaUeRhftHTw.OPRgzqvs3bW.8alqy', '02186278154', 'eimateusbarbosa@gmail.com', '', '1'),
(56, 'Paulo Henrique Pereira de Deus', '$2y$10$aOV6X9m6R5tDKb7jKLxWLeVKMc4dWQRfRU8CCszkE2hm121Fxs/PC', '04358448143', 'ph6068389@gmail.com', '', '1'),
(57, 'Renata Feitosa Filgueira do Nascimento', '$2y$10$i2YDEAF9OjdJ22lZVPt59uGcrq/s6JuZSAYMofoUhmT5/0KlJUDi2', '05126078186', 'renatafilgueirabastos@gmail.com', '', '1'),
(58, 'Maria Eduarda Rodrigues da Silva', '$2y$10$q9Gc4ZE2GZ63ojTgczB34eVbLPaZ2xaY3KXtmKckNyyDrPmHT2nMC', '71279718110', 'mesilva0065@gmail.com', '', '1'),
(59, 'Thais dos Reis Schliewe', '$2y$10$8r6710i7aodPio.lDwdB0unCqgJAUtsmAgaJw3712QOQOA.mGApv2', '05750898148', 'thaschliewe@gmail.com', '', '1'),
(60, 'Andressa Carvalho Vieira da Silva', '$2y$10$FbS9U/uD20UB8TCFiqR3MuTOG7nKD50QUGxVHYxDQVWS7vZR.3xP.', '08315178164', 'andressacarvalhovs@gmail.com', '', '1'),
(61, 'Loami gomes de moura', '$2y$10$0qtSpexZsLnrOJfgM44u6OSbGqVPlrPpCa25ZGrZF4MHfQb2Agm0e', '71840915153', 'loamigmoura@gmail.com', '', '1'),
(62, 'Tiago Oliveira Cortes Machado', '$2y$10$xqUS7wLsR56Puy8ugy5.wupfjbhLVoZrvf1wIoGGqk0U5xAH0SzEO', '04673502132', 'tiagooliveira.tocm@hotmail.com', '', '1'),
(64, 'Renata Eduarda Gonçalves Marques', '$2y$10$b/XjleBv11/ncIv39OQRYOAjgd0/t0hxyKKnLC9SA7.QlEGnxX6ry', '08409143186', 'renataeduardagoncalvesmarques@gmail.com', '', '1'),
(65, 'Sthefany Alves Fernandes', '$2y$10$q4csZ0xNaSPIZLtm6TID4OdbjHogKkHWn4uU4UtHfEfNBzhnJ4TWq', '11303643138', 'sthefanyalvesfernandes469@gmail.com', '', '1'),
(66, 'Davi Leite de Siqueira', '$2y$10$9jQMIDikLEX00AmYGvYizeKuHB/Mi7YuhV/CZkO9zF/oQNIuaBEIy', '03871627127', 'davi.caladinho@gmail.com', '', '1'),
(67, 'Geovanna De Oliveira Torres', '$2y$10$Az9UG0v/93aBgETJRnvgWOI5ArNO0Oy8XktRZRkxhjLYEiyZ/cxJO', '07928958198', 'g.torres@estudantes.ifg.edu.br', '', '1'),
(69, 'Matheus', '$2y$10$nv6IJdMWEcDKgnArzQiIze2lJ8DMGaJ1J1u2p04sgZteFcROE12ne', '06261339120', 'Matheusbarretocosta369@gmail.com', '', '1'),
(72, 'Lívia Lana Silva Lemos', '$2y$10$wR6UjpDTeGzqbDIk160y1eE/7bGHXEzTEf1F9Ql3USd7yZfvsyxP2', '70991503163', 'Livialanasilvalemos@gmail.com', '', '1'),
(73, 'Natasha Passos Matias', '$2y$10$gSNaO2qWtw4s.SGWHOtH6eqUz0XnhBALGWTpOEW.64NhDNbw.oFje', '10737578114', 'natashamathias10@gmail.com', '', '1'),
(75, 'lara pabline de oliveira cavalcante', '$2y$10$jCDjxsR2JrgV0.JYh.CgmePXbmTL6vxqOTU0QKJ29uQCN.2uPd7Wm', '07757466148', 'olarapabline@gmail.com', '', '1'),
(76, 'Lauanna Brun', '$2y$10$4VLiF.pKU/Jcim5yLf6lTeZatG115LhS/NhtHMXYWsvzMFtxDd8Qq', '05853507109', 'lauannabrunfelix@gmail.com', '', '1'),
(77, 'Camilly Aparecida Barbosa de Almeida', '$2y$10$hRU7x3LgKAuxgrznjbm/x.X9V1s3O5LF8uKemmL01Srr/1tCj69DC', '71699219109', 'camilly.almeida@estudantes.ifg.edu.br', '', '1'),
(78, 'Murilo Dias de Sousa', '$2y$10$hfIUJnsWrBUFBxl4vDDSs.m3OkPpBS8HEZLNT1cKqceA8DHA8L4HK', '08398512199', 'Diasmu12@gmail.com', '', '1'),
(79, 'Raissa Santos Matias de Carvalho', '$2y$10$JfKy7GCY4N27U7arsOwu0OXiEK1NjhdM5qOQc8kjKQk2.ChA3ga.y', '05107910181', 'raisasantosmatias@gmail.com', '', '1'),
(80, 'Erika Cristina A. da Silva', '$2y$10$WbXTXKSwgBmIW6gsqjXZGOh0G5yKTNp7zEnuWHYvw4AyCwyrGymXW', '71136439145', 'erika.silva@estudantes.ifg.edu.br', '', '1'),
(81, 'Isabella Vieira', '$2y$10$Y5kPrA5.mRk/FTEzP6GaKOFsGqVShQ9aA1ASThKTeHWvGYTkT66Oq', '71506838197', 'isabelavieira913@gmail.com', 'dEw6jgedNYVML5b3uPpiqNBAnR1Gr7Bmwhc4NGtBf870TLwFG2uNEU0VlOGc', '1'),
(82, 'Murilo Apolinário Prado', '$2y$10$i3lhwdmtbn5lXPC0EA9PnuPJI2mpEs0C4Q5VHohtxRv86ALs3oaou', '13972973608', 'contato.muriloapolinario@gmail.com', '', '1'),
(83, 'Camila Rafaela Souza dos Anjos Santos', '$2y$10$Ub8D0K6eRklyUxrpM9KuY.ieI7Skftq3H3VdsRsiBIZCCoT3F2KIW', '04268088199', 'camila.souza@estudantes.ifg.edu.br', '', '1'),
(84, 'julia de lima souza', '$2y$10$IhgJgHJIl7qQ5iDu9EuM/eYbCelmQKieMpft76YObklUX7B0UC6um', '71375712128', 'limajulia3324@gmail.com', '', '1'),
(85, 'Adriana Antonio dos Santos Rodrigues', '$2y$10$139nKpotvW.02291LpTw0ekkcjyZQHA5tQPFMzNIfL0CR7SheYKUm', '84380535134', 'drikajulia2914@gmail.com', '', '1'),
(86, 'Geisiele Pereira Gomes', '$2y$10$b37oOQdjREvXWVyZR0W3J.PrQjwfggIFslsoCP/xJ3Q5XO1.yW6wa', '71295561107', 'gomesgeisiele42@gmail.com', '', '1'),
(87, 'Anna Júlia Fernandes de Ataides', '$2y$10$eIJa6rdQgiUkv43cNrpNu.ecoe1V9ETu9re9p6UIOtYV9EbmKnUqC', '09524271176', 'annajuliafernandesdeataides@gmail.com', '', '1'),
(88, 'Jamily Luiza Marques Lourenço', '$2y$10$Y4uvTWBNF/4ge64smYqPx.IkAA3eeP8J.YYmRCWAgUghiYV.uNpzi', '10188794123', 'jamilyluizam@gmail.com', '', '1'),
(89, 'Geovana Thainá Vaz Machado', '$2y$10$oKMluRapBO8yxw7jax34gOdZOMvDynPQ350Z36ZP9kd6cTYZ/ogji', '07684146106', 'geovanathainamachado28@gmail.com', '', '1'),
(90, 'Déborah Marine Alves de Barros', '$2y$10$iSt0vDWsXyQrHjUVTusmduC1q.SHTegkijb96Au97mJ96JnZb8Bbq', '07336655190', 'deborah.barros@estudantes.ifg.edu.br', '', '1'),
(91, 'Arthur José Fernandes', '$2y$10$3hhd.kL/xBtu.SHOjvttnezmk3nYQBdWqPp2EkzeEiedUcsA0MVOK', '07496502146', 'arthur.fernandes@academico.ifg.edu.br', '', '1'),
(92, 'Ana Clara Monteiro de Andrade', '$2y$10$cVu6uZaXeVjNxAAEBoJ.VeverjsXqPxVlEaYtDfFOiHUbr.baFHze', '06030108140', 'claraana0897@gmail.com', '0', '1'),
(93, 'Ketlen Miranda de Jesus Costa', '$2y$10$5QsvYCcRi1UTm4ISimXVQuEdRqRJEkMd8Jpsrx1A3Pf.CRXFizD3y', '09080564192', 'costaketlen46@gmail.com', '', '1'),
(94, 'Kalysson Ryan da Rocha Cardoso', '$2y$10$sfGhdPOWjnkCwskxokvsg.knQcBvxS/Fg7pFykkNRFr6QM7oJd5tq', '71516400135', 'kalyssonryan3@gmail.com', '', '1'),
(95, 'Joaquim Martin Samuel Almada', '$2y$10$uouRXMrO0vE1CKHxibXFvOaG0vcQxiCRBRSbK0PDP8CVxwxIxlASy', '93109703165', 'jose.marcio2876@gmail.com', '', '1'),
(96, 'Otávio Profeta', '$2y$10$6VmjsP9F/BQ1.8VEBFCeye/GBDfucfencEdFxgbg9YugpD3aBKhJO', '70978631102', 'otavioprofeta48@gmail.com', '', '1'),
(97, 'Ramon', '$2y$10$Bl36Dv111c2tEHAbwgHhvejsQ52IdO4o1OWp2EDH7sTods7ZSeKtK', '05462637128', 'ramoonnx@gmail.com', '', '1'),
(99, 'Gabriel Hennemann', '$2y$10$D1jU3RgU4eQZvCHi7rg1ruOB0huho006/QZGrQJHR1oCQGxy3lIHG', '09262798156', 'gabrielhennemann8@gmail.com', '', '1'),
(100, 'Thiago Gonçalves Dias', '$2y$10$Sn/lohdG79pqqndNaysI8uVJ.dy4OsLrtk5bbDDd1Oe9DL6TgPp1C', '00407753133', 'thiago.dias@ifg.edu.br', '', '1'),
(101, 'Guilherme Luciano de Sousa', '$2y$10$7VodinE/eTL0SDVu3L21..aISUxDEijWhq.dKEyA7BVJwbGop0YBi', '71657942120', 'sousa.guilherme@estudantes.ifg.edu.br', '', '1'),
(102, 'Ruan Rocha de Souza Feitosa', '$2y$10$p0gb2zYxSUhUqOc6Pwh7nefunn8xOX1223DNAcPaaEFi/FIzGCfZG', '08478682147', 'ruanrochaeuok@gmail.com', '', '1'),
(103, 'Everton Leon Sousa Silva', '$2y$10$1mmCW9CN0TIaBf29hE/X0eKV9OMfJP7XUFxa9eqD7nOycZqqhgLTi', '08174256164', 'evertonleon067@gmail.com', '', '1'),
(106, 'Rayane avelino dos Santos', '$2y$10$yacxXcSIIFwgu1KrVWaZtOO4lHGMl7FMSvTNsz3tz3nSMqF.U18Pm', '10372514154', 'avelinodossantosrayane46@gmail.com', '', '1'),
(111, 'gbastosmoreira@gmail.com', '$2y$10$6YUBQNv2UywPe1bBOa4yduo4f9om8RgQ4jbWRpqDRGZa8JjrCoBc6', '04421067180', 'gbastosmoreira@gmail.com', '', '1'),
(112, 'Soraia ferreira fogaca', '$2y$10$Q4ApF1T51PC2ol0uOrNuTOVeB0u9dETM3QvTzmIFUR0IuLRfNKXRy', '62035835100', 'soraiaferreira090@gmail.com', 'otZAPOrTdBic9yxsYLyOwB3Wp8LL7QXMvIPAVNDXHfi4xrJ32jnTWLVEHELp', '1'),
(113, 'Pollyane araujo alves de jesus', '$2y$10$Q.nlcAsYnEHGxfsAxfGE5OBFcD0niPg6eKnIYN4Y8D5VzSNCRS.8.', '06607333150', 'pollyaajesus15@gmail.com', '', '1'),
(115, 'Daniel Ordine Vieira Lopes', '$2y$10$z8yo5.z1OamZq65RiyFok.DIsKF9MHVqzozwK4BjUp8sXNzhUJ0dG', '02525741170', 'daniel.ordine@ifg.edu.br', 'f7EoOvlZm1ADiDbA0aAOzxcNg1A9A155sYN1SkoKIorRhNVBt0v8wogO3HkO', '1'),
(116, 'Karina Rocha da Silva', '$2y$10$6kxvVvtMMVJHXSghYbP0uexYxqoPqwhRDknvdTD1MYeHHR0DUwlQS', '06116664130', 'kr9647758@gmail.com', '', '1'),
(118, 'Giulia Caroliny Vera Martins', '$2y$10$AS2nKFmdhWCRqWTPRB1GoeE39QKv0jmBT3fAz5AakKDmzgThmdpGO', '07626684150', 'giuliacacal@gmail.com', '', '1'),
(119, 'Layne Moura Oliveira', '$2y$10$Ycy7p.lDpkXqslgHpN.kZuuzDw4ehKrtDy8V.WrvrXCmDbnyLKiBa', '06858795189', 'lalayne.moura@gmail.com', '', '1'),
(123, 'João Vitor dos Santos Silva', '$2y$10$w/Mwn8e96pWiCt9US1imuelMTR2R4FqXbx3QE6BG328XeVaomNv0i', '06197946319', 'vitor7-phb@hotmail.com', '', '1'),
(124, 'Eloisa Graziele Rodrigues de Araujo', '$2y$10$485maCB932H3fvldXUk2FOEBWkL5LqgkkCiWUPiz8C1YLfH7SjoCe', '71486087167', 'eloisagrazieledearaujo@gmail.com', '', '1'),
(125, 'Karoline da Silva Tavares', '$2y$10$2gcT.8lg0tMV/Al3.3ngPejNwo1MrDk.gsr/vknMDeo5BQUxgh0P6', '04474070151', 'karolinetavares86@hotmail.com', '', '1'),
(126, 'Mateus Ferreira', '$2y$10$.nzinSZfI8Ia5uoyBBrj0ervHCqSgP1ZW2iKch.oqMXDq4XG.wxsG', '08458688107', 'mateusfkx@gmail.com', '', '1'),
(127, 'Kawan Vitor', '$2y$10$PB/3VIgXBymR8MHZ3/M9hOlJ3as1JqSm21Zog8AStZ2c87A/mxm0e', '08405517111', 'vitorkawan253@gmail.com', '0', '1'),
(128, 'Nathan Ribeiro Lima', '$2y$10$s/S0UqwD8ZrfeyNi74V2B.C8msSFLZswkNLL/IO66B3p14BKow0tS', '05867427196', 'nthaanrl@gmail.com', '', '1'),
(129, 'Wanny Gomes da Silva', '$2y$10$a/5zn95ryeKj2bxGpj80UeAwmDuU/9rCA8nm.8Z3Ncey4ZXOtmY2O', '06452397125', 'wannystyles@gmail.com', '', '1'),
(130, 'Matheus Generoso Canedo Ornelas', '$2y$10$JtM2tk9DU5xt5fDg3Tk9h.Gbq8WQdwMh8z/vS6K5yjO2zUv7gv3I.', '04674437180', 'professormgeneroso@gmail.com', '', '1'),
(131, 'Zeronilde Alves Costa de Barros', '$2y$10$JWBjHcvLclWzqMny9h7m2undj9wpMyqO42gaaXn6LnlEzMxE5ezau', '42597633187', 'zeronildebarros@gmail.com', '', '1'),
(132, 'Alexandre Francisco Gomes Barbosa', '$2y$10$mYBlPNvyCP8CnGU0v/8hg.A6BD6Y6fQAZp2LbuqDe8vihY5ggTlD2', '05677762121', 'xandy.fgb@gmail.com', '', '1'),
(133, 'Barros', '$2y$10$M.JKBHTMUt5mI1GJ4CVTXedkf6YvaKYqqyhTEpCk7X8KS3k3WiVZa', '54886787002', 'pbarrosedro2308@gmail.com', 'cCPrxtL9d1yJPjUgVuI4tyst6iK0SDKPTxtmLnz4fqsTYVaDaBMD935HPyXB', '1'),
(134, 'Yasmim Rezende do Santos', '$2y$10$rekRWkGk3J3Eaf0CTYmaAefgM3/gLygUSVl9xsRWrtC6TjBdXDsDu', '11262731127', 'yasrezende17@gmail.com', 'VwszDbTx5IsqzP6DiXXBREqKrCJc3tIr3TCxvXsDTsJyVoyj0wDSQ35BuvLw', '1'),
(135, 'Vanine Rodrigues Pimentel', '$2y$10$AsgDFJ4Sa4/7Opl1OTY4tuc0PDUX5uZFpDc399iYL1o8sUTCrUxfS', '05186876194', 'vanineengenheiracivil@gmail.com', 'vb3b0eaH2vh56wXM7qWRZO7W6Z2163Oba5juNPmFe2njrzXW9UAVSfPOsgRQ', '1'),
(137, NULL, NULL, NULL, 'delyandro@hotmail.com', 'y6WuFI9SqHjm7lS04wNMNLfEaGxg1hfPhIlKwhRRJnxDHmfHzN7oEgHXppxs', '0'),
(138, 'Maria Luiza Araujo campos', '$2y$10$NcrQd2tz9r0BF/7rD8MrqeHFiXC02ML/FM97OWwXmMEfgtt6Vbw2u', '09180641121', 'araujo.maria@estudantes.ifg.edu.br', 'IxoYdgAtPux6TOIJFNNmeGUeSxbvEWXgFp4GRDX7AImM2oLRRmyhZ6POryMi', '1'),
(139, 'Pâmella Guedes Gonçalves', '$2y$10$rY1nzp4.ggKU39KDgwo1Iuk.ml9U1fq6dQ3blq/dJfHcKoi/tN8Qi', '06287555114', 'Pamellapampam123@gmail.com', 'v1m4nH2MOMipJwMuzLxDLumBfq8ikCt6z1wxbWKBTzAIPYpgTGr8vkj0ljBT', '1'),
(141, NULL, NULL, NULL, 'psiueliss@gmail.com', 'R1F4rbw7gmiZhxepU2ObwmDR1ablYe254l0O0tGLrzSf7oCMLlhllnRgZXW8', '0'),
(142, NULL, NULL, NULL, 'mlaraujocampos@gmail.com', 'xM4RwzRLfrYUPSJF0yR8hEWexoc776CSBtuly7ZnMAoGdYwVxv366FMQn97N', '0'),
(143, 'Elis da Mata', '$2y$10$ZLYQk9gSLOAtYlsNwJeXt.Q9VJVn/EPT4vOtDtY5Un4cvAGrmS1MK', '05875125128', 'alvesdamata@gmail.com', 'lwTxwprAhIsEmmqUIiOrqidylnWswLU8juKXO0bW1t6qg8Blxo6QYnjvm3Tb', '1'),
(144, NULL, NULL, NULL, 'fpedrohenrique13@gmail.com', 'toh8G37VjzxrJPRpLQDSBqgludZSn474uS9JEtdhUuZ9ST1SINKvwW3ex8bA', '0'),
(145, 'Fernanda Espindula Fernandes', '$2y$10$U7vylq0BBbZElRH3Upfsh./rcjwup8XlgQIHDNmAvu9I7p7RF4dLG', '05422649192', 'nandinhaespindula@gmail.com', 'E7FtDFLpTNl0D17EOFH9dF3WdUpoqvRHz8AsDZTfSAqMbtFFbFX4B1dgKFrh', '1'),
(147, 'Alifer vieira de brito', '$2y$10$MRPB8GxhGdrV6xiZkTzaHeEo5GNLs/P475/noiBaMfd7gGfwNyd96', '10683757105', 'aliferbrito15@gmail.com', 'cOe14vliQzCkLdO11Ul7PLVDay61DXMxBvRLt5BTzU8GGh0hyv6XoaRXwshr', '1'),
(148, 'Maísa dos Santos Augusto Lobo', '$2y$10$1iyjCPmLQ/R6N.onwd0CG.eJyZLUFLaFfH9tOSfZdoAu.Mnebx8Mu', '71109022182', 'maisas648@gmail.com', 'nmyZ7UGOgRTarJGV0BAU74icfohRtmbIvMwA7BuBfCkemnkAzW9PMJjUFZkr', '1'),
(149, 'Renata da Conceição Alves', '$2y$10$vp9irT0BvnGeSg9ahgiFo..up32saTnG286I9B0ObV2L7EV0grdhG', '96355212434', 'renataalvesfsa@gmail.com', 'QiN3jHuEkYJTsg58Qu73waoTDEwj67b80izOChe4bFRpMTQB0ZfjfnW7Bzpp', '1'),
(150, 'Patrícia Pereira da Silva', '$2y$10$axw1PKf502LyjhkNUzM9o.RjuqcmCb0Hrz2r000L/Jjt7rk6jr0Cy', '62447556187', 'patriciapereiras696@gmail.com', 'SOBk4DrvJNFDOpQ0eF6xzynJ8JpYDBlb6CfXA0XefIzoPIwKBpCCcCvV5y78', '1'),
(151, 'Fabíola Silva Ferreira Farias', '$2y$10$6MeGRixU6ImsYNr0lSVS0.9rkyt8bpGFQB0S/jHDLPbk0GgnIaYU.', '05756919139', 'silvaferreirafabiola@gmail.com', 'WddggjkW76xXx8dzZLSEAVeUqryz8TxwUxYqr8ki7R0teYqBHnH0BFaRIHSD', '1'),
(153, 'Anderson Alves Pereira Junior', '$2y$10$PfgY56HiD29F/gmiRTyUieOdHpYM1ojpQpvGvPw9UCRCyDeMTXb.m', '09033792109', 'andsujr@gmail.com', 'SPWKXPTtZZI4BWc4XuYg6in6k2WMXXAdfuGIpS44c8ZMFX4Dzp7w55FW9iky', '1'),
(154, NULL, NULL, NULL, 'cleber.franco@estudantes.ifg.edu.br', 'JGXBWm1vHMrY4pBR6fBfIAxlvrQFpXDvnXrZyWwZM4yRxHjneJkOfN5Y2aTQ', '0'),
(155, 'Gabriel Rodrigues Dinkowski', '$2y$10$axulJsS.xd8MdBdQrBv57.jHDQ2.5q28XxP/eIHOW2B0kQyDKXfTS', '05170905114', 'gabrieldinkowski@hotmail.com', 'Za2OegsfqnDiNeDfPI3S4oXZfa9JvbcbUOU15VD3LqqcNM9KRzfRtBp9cWa2', '1'),
(156, 'Helinubia Gomes caixeta', '$2y$10$F6h66uTDkCp6OlHkG.OP1uyAs3hYwX5NGPBoP53ZOlfL0VlmUjY8e', '04915289141', 'andradeimoveis2018@gmail.com', '2XueFHC2wjkrCv2rzoWoio68gyGx2JF1LTvryVHN1oi3zIZhOl8wBnsR0nlJ', '1'),
(157, 'Natalia Ferreira Barbosa', '$2y$10$nhdHM/mtI.6f4GarWXWeF.tD1gwmFvm6wqiGbYRyF3DftRKdLXhoa', '71454951125', 'nataliaferreirabarbosa2007@gmail.com', 'HNcufpJ1O2nyJspeRFU1m975tfhc8uw8G6BdY66jsbTEXu9HtTIeutnqCqZF', '1'),
(158, NULL, NULL, NULL, 'b.natalia@estudantes.ifg.edu.br', 'XhiobZqSDYJEtKcPmiCULGgXVE4dfzAomYMlEk5YotaKwov4OlvWBYgvPjhf', '0'),
(159, 'Rosemary Rita de Sena', '$2y$10$63cllJTUymHj9EWnl/pkwOMTFSIg455ic10b9L8cTOUvXKN2rgpNe', '05703103185', 'rosemarysenna@gmail.com', 'f8IjSnFNUfomYR8k5vvnK9fFFTCTz2SdQGv4kxBvLSIZSqP8Qq6RwarGrqXP', '1'),
(160, 'Arian de jesus ferreira', '$2y$10$GgYKq/z4IMStD2DREyUntuJ522Y2F0vxzkZlba2X5p1V/HToSxxNa', '71803730102', 'arianfoda@gmail.com', '5YPf4RfXcg7EKwk5Moxcu9z3aflbBjQdqAWAA8mPjjAGJlgar7DZtQFY1jgS', '1'),
(161, 'Antonio Carlos Cardoso de Mendonça', '$2y$10$9A7wJ5IUog5tM40N93vUvurvVA2KQtBXD6Kusv6F0CR/hAUGhf2nm', '10934163600', 'antoniocarloscardosomendonca@gmail.com', 'iax3f84iUaOTSJk7sPHq3uYHZjt0TSZkrVICQViyfFYmeS1JNwkXKfKdQKJ0', '1'),
(162, NULL, NULL, NULL, 'jane.santos@academico.ifg.edu.br', 'E4LJjGUweITT6m72XgoJwaVt5Fg5XQWWu0NFMY5jsjinEqsBAbivZzgVPRnd', '0'),
(163, 'Jane Rodrigues Dos Santos', '$2y$10$tK2k3.LLjMCSVW1B3dc3GuiNa/gpjv7F5d6rCqoCQuoBAgVmj3Dnq', '70645601195', 'janerodriguessantos32@gmail.com', 'ySjEqNXOwUMji5qgGSPN8SfhP7upz5Kv9ReP3X6D0pwIZApc1TDMqcf53QT3', '1'),
(164, 'REGINALDO XAVIER DA CRUZ FILHO', '$2y$10$dGkKYYEOa99yy5lz6.j2WeG7ictQMOcTRJ/lAE1vp4Y6Bvcss3FCq', '71309598193', 'rf1057904@gmail.com', 'o38WVECzHfd72N8IwnFWikRjxT7DWELwMk1C7YJHRrXCktYkxUyc6lacvWW3', '1'),
(165, NULL, NULL, NULL, 'luizajosefa15@gmail.com', 'druEQKP9HaZi3sAmiWrOhDRx6IzUjmhkMWdVK2hkYOs4ifcedkUZ2qMWwFw3', '0'),
(166, 'Lucimar Oliveira dos anjos', '$2y$10$PjO/NSF/uOBsUTF.1N7NgOFJZl.vPmBHALFZURQedBHq/ibVogrl6', '04461190161', 'Dosanjoslucimar53@gmail.com', 'idohS8tK1veDwkh5UvOvFJNuPrCf2s3iyeEGH2cOhggWNiI5Jgq8lfG7845v', '1'),
(167, NULL, NULL, NULL, 'keilacarlosdoreis@gmail.com', '3wWCcUgaKf2JqNJnCcyJJ1rWEynFpiu9qRsnGCqNV7oauA6JmLFdefZVMkeY', '0'),
(168, 'Micaely neres de Carvalho', '$2y$10$xyrdwzZnEj2IXJy80f6bburur.R9CsfTdBvEs8muzoaG9L/RRbzm6', '71407020129', 'micaelneresdecarvalho008@gmail.com', 'mhS2KD3PU9L01uLoY0RndBIiPUr5tY7MxpCf7T7qsW0RLRgdgsFKalhrtSxT', '1'),
(169, NULL, NULL, NULL, 'asdf1123@gmail.com', 'khBVaVxLE53pAwGE8YTcqsizqy7ul503bOFAI14l2hM6TvbqSjEZu3xqayXj', '0'),
(170, NULL, NULL, NULL, 'mardk712@gmail.com', 'zlXWWr9fu6m6LhMnUJxlAGAG5r1ilEJXy4pZDNL9ckbDPGyGw1ycboo4kbfP', '0'),
(171, 'João Victor Campos Valente', '$2y$10$BMznZ4.sxwqLHljLUyunWudAnEGZMmWzNxTw8yL8R4Og3S2Tu92uq', '07148392136', 'jvcampos06@gmail.com', 'Sesy7jAYKBj2DVRR7VtlBOB1OfVvrPEFbeXiGx2po0Ow4pVqFgfSNOKwdbXi', '1'),
(172, 'Raquel da Silva Rodrigues', '$2y$10$5zzgZ0k.j3BWpuUC0ae8e.3Nwh0jJj.fMxnHFVuytd2qujCxjJe7K', '07422483130', 'raquelpretty2.0@gmail.com', '9kO3KFo29BeyYTjNpNuB3UlfLT9ayuBR7utg95Rp31khl1jrsPmooOOBq3os', '1'),
(173, 'Emilly Spíndola Guimarães', '$2y$10$kk8g4kuA7SswhRVGljFJOO4D/qY3gZfv/qb82eg.2JmhgN9NqowwS', '71682463133', 'emillyspindolaguimaraes@gmail.com', 'QOpDTQ9egWVLZn1E04mCe9KNOzRrOkafK8XIZe7CAb1ZfwBpPaqVY1CUBbQS', '1'),
(174, 'Eliane Fernandes Pereira da Cruz', '$2y$10$qycGm7vr75c.2UYcB9ViCu/CN9lpWZzNIe./f1oot0oT0PBmy8kxO', '05635554164', 'liapereira.frnd610@gmail.com', '10ETEFnicLaHZth2rCLRlH2zk6BpZnhoKa54JKQXg7s7fWNazy99XtuMBolF', '1'),
(175, NULL, NULL, NULL, 'giovannaberticelli@gmail.com', 'iwkRzRt6jO69z4d0OIGhXV8UA3k9s22RBJAkz3LpXatIQVtuurF13iTGEQey', '0'),
(176, 'JÚLIA IRINEU LIMA', '$2y$10$CPtON7p4Xi8DXD4PTyuCkeJXq3EqRoS9As4yI5J/nslRocLJeZ8Py', '06476610120', 'juliairlimafsa@gmail.com', 'BslUOEpTdXgmW4kqvxsNPZ2Jls0nyeMPCyujlJqon76M6Ynj0479ac8i0ozW', '1'),
(177, NULL, NULL, NULL, 'laianymarte@gmail.com', 'NX4JO8YuR7idzttYzOrMW0AvSu3XaWGZEWHsI3a9Qe5WWoXux2cXFqgRZOHh', '0'),
(178, 'Mateus Dos Santos Ferreira', '$2y$10$5yb7nWRZQ9EWYNOnFW0qUe4XWT/6RUmV0czn3qrg/qDVtUTh1MIHy', '71193185190', 'mf08052003@gmail.com', '8tXVB6zB6nnsfo7vHYrbDhjdsMRSGXxQm1uWVp7UDgmJqIxgXJU0qBoul3JR', '1'),
(179, NULL, NULL, NULL, 'lioneziacamilagm@gmail.com', 'GiSf76YQL1jBU5YJNNgYbBi5iKnVMsRLu5jd6c3kZeyZB7JJP3fwMZoevdh6', '0'),
(180, 'Lionezia Camila Guimarães Azevedo', '$2y$10$h47byf1zkmX9XKb.tkg6Pu7c5e2GKSN43bwUsSYVBlVjCZyPYdwAe', '71357916140', 'lioneziacamila@gmail.com', '3SLxUtJassGWWbWcSldni5cfBKzZrMH4jLuPE4SjnZS1xsLTPwdAQ1FqsZ7I', '1'),
(182, 'Ana Kamylle Inacio Fernandes', '$2y$10$8DtDJgWL6YBYnpdmOzAfNuKeY.BMuFKUWQCMJgEu3ukNEziv91Yqq', '71690252138', 'kamylle.inacio@estudantes.ifg.edu.br', 'F33pZsQWFaB6I3U33A9MoviAtnRycRxcCjg3OPBwdEUz5Rx9AiQbZmKTbcPL', '1'),
(183, 'Rubens Pires Mateus Filho', '$2y$10$9apa7z9.24aErPXBwS.nTu3gj0qMFcpgwqaGykwhagDxMZmOQo.Um', '09250588151', 'rubens.mateus@estudantes.ifg.edu.br', 'RsIzHP4axAFWKY9oHal5HvKIIN38r6N9FwY6jt5CvjAOvCmW8dc1EHDfB5kR', '1'),
(184, 'Nicole Swell Evangelista do Carmo', '$2y$10$3VRoAM/Cdc69QXTIDAfvJuMyf8s/dmbz1ft9MGJtRM3//7KfzQPVq', '09109444157', 'nicoleswell18@gmail.com', 'dHbf8Y7IVD86O8OKK2cbfR0VWxFZdLG4JwxXqAXDTWvMqMfDdrluJ1u3pVXF', '1'),
(185, 'Yani Fernandes de Sousa', '$2y$10$ZafdW9FaDbpZv4AiGS.xrOGFBNHmNBfjIo8AWG14cxt7IxMakUXDa', '07018244170', 'y.fernandes@estudantes.ifg.edu.br', 'sKI5A9TBnc38W1whNIZltC2wB8ICKYFip3OQWx4nLyTgdCe80MrrC5dKpgyx', '1'),
(186, 'Camilly Lopes Dias', '$2y$10$hQcVeBJA3dzGcBPsOdJIiuzPXl/Mt1xIYoPatzDBVzC7MF0hnGlXi', '71124385193', 'camillydias699@gmail.com', 'wCMOJg6JPx8gJHv8aQ80ef11pWGXGs0Xw61fvq6tFggZZ5ztMJgmLiPz5Rq1', '1'),
(187, 'Emanuela Fernandes Ribeiro', '$2y$10$3ZQJfd6T6i4NxWDqI7HcHeeuLEeRdtF6ovK7OPg0.8j3H1QvSZp7.', '11308096178', 'manuzinharibxx@gmail.com', 'vBRwq6lR593s85tW5nJRw62gV4SL9DQh7dcvlYx9eQvTKqA2iPTrfrdSfFFz', '1'),
(188, 'Camila Oliveira e Silva', '$2y$10$vtZ3QE1bl3NrZAI5OKY98unSblCEeLAE81Id7TcV929eLhB4ze8wa', '10256445141', 'camilaoliveiraesilva85@gmail.com', 'h6vjtlexSxZr1trAzPohvWZChhiBYUJ1hx3PcRsGXh4BggXq1dfwfogO6C9C', '1'),
(189, 'Cássio Pereira Carneiro Junior', '$2y$10$10y1KVdqeO.o24H0glGoTuRcojQGjzBDA6Q5njO9cbymogWmL6FBW', '71603723102', 'cassiojunior131415@gmail.com', 'ouR87ZuvBop2Dh971CjU544qvJP7gLRWUEMSSN9i16IN5oSkLadbkMcKsUwV', '1'),
(190, 'Sueny Vitória Almeida Rabêlo', '$2y$10$mYQsornyHTM49V7IbarVF..rOHtXG30Q1qhz2yoVBxagxApaBVzG2', '71263242197', 'Vitoriasueny9@gmail.com', 'cFWSEYzFupAXHFj2mZ6gQnjmN37ykRIyaDrFQtpIzo4Rge3seMB6x0E4SJy8', '1'),
(191, 'Ana Clara Lopes Bezerra de Oliveira', '$2y$10$ya/bRGDftUGMOU6rlmkRPuZiS/ArZlPfN8eD9G6EtFRWKThXjQ8RC', '71526274108', 'anaclaralopes411@gmail.com', 'J5hzjQXitwQhytpzJg0gou0OkQsHqhJmiLno8845Pw0VFMqAiwDXnkm7jdg7', '1'),
(193, NULL, NULL, NULL, 'pedroh15090@gmail.com', 'LmQ8niim6vwVQwS8UMcZPeQtPbdYlnJ3YIbKwTR0iHvptxaYMJLkWMyoPEar', '0'),
(194, 'Pedro Henrique Fernandes Gomes', '$2y$10$UWd4ZRMIa60cdB/5PV/F4ujxrjOJtCmJhdl93tHLoM/r8PdNxLXVW', '05103507129', 'p.fernandes@estudantes.ifg.edu.br', 'RkPiWeyOsHQ3gEnJDrxJEYIECJPX2hR7fcP1LvTt4ZUvoOfk0hF2D2HoixbD', '1'),
(195, NULL, NULL, NULL, 'heitorcurado.fsa@gmail.com', 'IdT9mhSh3hrs40hKXWUHNdhJLCW1XrBU7gd2xjRa2qAEGUxqwTv3uP8gsZSo', '0'),
(196, 'Mariellen barros de sousa', '$2y$10$E9J/bQNxqZZ6hehglzOtYesONmdLMqflQn6oZFR65Zz7nY78N4Bby', '08533658141', 'mariellen.soab@gmail.com', 'K0uNortt8kWi9kxg8G86jXvs4s0pJnyDQAFo28s4kjkDgT1CzLIk40NokePQ', '1'),
(197, 'Letícia Rosa de Jesus Batista', '$2y$10$yFNkvtCZdyUzBNu4JXxjNO9hrQiCeu/zJGIJZsX8PsAlkTrFDSjX2', '71357607199', 'leticiarbatista912@gmail.com', '0ZxQpvxvPTrjYvAnZL9CGNtASpx8F1F0CG6ZMKUon9JJEhs0gGTU83KRgqnV', '1'),
(198, 'Nayra Vitória Rodrigues da Silva', '$2y$10$8TuBQ2YfiXPvnvhgsZ/c.eHshXB2ibQptGnWjKEw/2GvCrB3Z4rwa', '09142260108', 'nayra2892@gmail.com', 'c4RBGUfj1H24hMliTFVOnLryGAqp844TxjR0Y3Mk0zZLdP8521LL38pdUjZ4', '1'),
(199, 'Bernardo Vieira', '$2y$10$SivI1XQ3/HVDIaNYwJgI..4lu7aT/nkDSfb7LaPdEawHlM24T6kF6', '70022174109', 'eubernardov@gmail.com', 'KTwL7N0UuIeRSvlp2FTril30To5i73zkG0h1WaFqbEKqjQyuTv7t5sdjVXpt', '1'),
(200, 'Emilly karoline Alves de Oliveira Silva', '$2y$10$M4E0M5pJWiccL2OJv8ZQaO3jX2N9u/nTXUKc.XTE2QBEJvnokNdwa', '70853609179', 'karolineemilly33@gmail.com', 'mFvYcPRpeQHfL60VDCeUSqhSuA50GzltpVweYFrwx0hZkQMRYH58o1e6rLi0', '1'),
(201, 'Theo Américo Cavalcante Cruz', '$2y$10$FV9OZ/m9sDLkXEyoqicIFenhrsNnCqw1eGXN2gObyhIboThSRBnE2', '04446247166', 'theoamerico14@gmail.com', 'PC0RysTqXNaPLirZgSBUY20waQ0GzZ0NCj50gpaurJlz810dJvQzpzDpgXh1', '1'),
(202, 'André Iago Carvalho Luiz', '$2y$10$lZm0iBWwYkAAY85D5q1YfeyBK98CVR5crjOyFJOWVkFDUOENRLcoq', '71448886171', 'andreiagoluiz783@gmail.com', 'gOW1QJyYCZG8QslkwvOBlthEMXsseraqzGyYbpOWpVDwSPjroiILY04WUKgB', '1'),
(203, 'Miguel Henrique Gomes da Mota', '$2y$10$EzZLDtUDD8KkO4aMuC4FIOSrL50UdiUEmbPd1UPQZAKE0a6R9Ulbe', '05270967170', 'motamiguel971@gmail.com', 'tAwuIZvaR4S6O6Uxtsv46Q4of36JQtIOYW7jXduvnEEnw435cCDbnf5MjcYn', '1'),
(204, 'Isabella Valadares de Oliveira', '$2y$10$v8rnxu4baxpYDKkwPG.Z.u18IjORLAXL9ZsvTGKyXW1w01jKf.wqK', '08254595160', 'isabella.v@estudantes.ifg.edu.br', 'DSf3VflSyW5fZO2HIcRtP5QhAHMUEnMyziuCGrjxE0HCmIce4grhymWxKyXX', '1'),
(205, 'Laís Oliveira de Jesus Silva', '$2y$10$w7cnsxlGqZtsym5wtNtbUOUdWQQuT3DFTWlBlaDseF4gPac4htRLK', '02620418127', 'laisoliveirajs6@gmail.com', 'q6JD4IOzdWasWUlqBQ92NXaxlwIlm4kQdHOZJS8L81uEfVXriWT5rC2vN1Pz', '1'),
(206, NULL, NULL, NULL, 'limaandressa003@gmail.com', 'GcEVT1x3FkxNhRcLaUcNThknuPrWBIiogA5UXYybFybGzuU7a5jp02A8hXkh', '0'),
(207, 'Ana Júlia Ferreira Ribeiro', '$2y$10$mMfqVFOW8lOpx3T7Iw/Iyu.B1VE9TsyIWUqhWQPBiv8AheM0Oe59K', '09365388139', 'anajulifsa@gmail.com', 'hJ206vdL7eplFZnHfvuxBUtqfWHSm7T1axnYXVSq3Ee1zVRYbHJhm9tVMRP6', '1'),
(208, 'Bruno Da Silva Sousa', '$2y$10$0xdMuCwC55YXoi84UvK7MumTKIlWESY1.tlJKwnESr9pEP8ONvD8W', '71461422132', 'bdz223456@gmail.com', 'Jpmvy1niRXiRiyPfB9fUpHXaXIweGf9w0nIrYMG7oOotBgvBmGt2rFutnyFO', '1'),
(209, 'Maylla Sabate Gonçalves', '$2y$10$yr48/ZLF1fptIfZlopO2T.TIbV2LilrhS.cdyb8Kn/R2Ax26BGnfW', '05365068173', 'mayllasabate@gmail.com', 'mDzgAcHxe0bpq1DznnVVFS6zB4hzg1fVU1KJGymy29s16fT2ylemlg6wjAUo', '1'),
(210, NULL, NULL, NULL, 'primosataides@gmail.com', 'H7qV5q7qYKRrDFPpfckkemlzVLtD96PilHqdYyYlLK0O1eXlAkHcNKrdnoPt', '0'),
(211, 'Vinícius Silva Pinto', '$2y$10$qtRQK4irWG6goKkX3Hcx/uWkNz5o8d47ZSDPAVis69jD4IablI9M2', '02384934155', 'vinicius.pinto@ifg.edu.br', 'MpQPhgGRreLVa1yTeWJKJrkkw5XZprJ3dq4sBcH5ERsBbspxUNwdVYu0b5Qm', '1'),
(213, 'Poliana Souza muniz', '$2y$10$2r8a0q2T.Kf2l28txTbYg.vZ5LdjH5YrraOrdDRNroGm9Z.5KW3Qe', '11319717101', 'polysouzamuniz@gmail.com', 'XrjbUyptqVozAzONV4Q3n2h3IaCNHNqvt2Ns1QgSMyZvh5mogbDGk0QxqVFI', '1'),
(216, 'Jeniffer Santana Pereira Santos', '$2y$10$0ENogEFtp8LKHvaPy90t1OAAhlPHbV1WPde0VXabdSIbOQbc2wuzy', '06711629183', 'jhennysantana154@gmail.com', 'skQxnmCFxf1A8nOK5AYsZhrhybiciY6MJBhM1UVDtoCorpHMkAf4mbcpha3h', '1'),
(217, 'Clemildo José de Ataides Filho', '$2y$10$N5uf6e7TrcUHuyr.Vx3.R.V6ecGoo3SVePhJRevmknE.43dH/5.3C', '07423609110', 'dinhoataidesoficial@gmail.com', 'Wd8v3NtoXjhhsktaNNPTxw4B76QsZIMbrxeLbsBZwsGLd5XCpW8yFDeXfGnc', '1'),
(218, 'Sara Cândido Fernandes', '$2y$10$I50vUwL1hbbLjENsPAtiwO0kjj589tFjbnel1iMykTPX3cshSS.V2', '06946152182', 'saracf.436@gmail.com', 'EPJfPNfdAQvkGmtyI0307n8dhDW46sIHJkCsRJ74p7mxmakyvOnEusDK20mn', '1'),
(220, 'Camila Espindola Fernandes', '$2y$10$xLeTgdJyZmikEwomrR4DouWR8WP9ur7dFPvu4Zwk4mSOUg0jMYxVS', '09871086113', 'camilaespindola31279@gmail.com', 'OrUXL1SECdeCClhymLC7QwyVLs4ruXYwd3pFLP3a5eSnQkniIz5LDFicCA5a', '1'),
(221, 'Mara Kesilly Nascimento Rodrigues', '$2y$10$4R.8pLxnyqbhDDquAQsIGeT8ps0sHaPKq/HUIwuwIHTNpW4UYaTyy', '71302698125', 'marakesillynascimento@gmail.com', '3w2YDqys97XWBNCuXgUf1vc3EGngy89fiRXrYAhwUTENMYRKlEmXIKSiJluS', '1'),
(222, 'João Aparecido Ferreira Filho', '$2y$10$WM7fPEL6LoJ/z1sg4yeuD.PP/i0VC3952Yg8vK75rrW/5LmPkEj0i', '09115254160', 'joao.aff2014@gmail.com', 'W4VHMIu6zv8fVnbjT5SiuL0OuRuNNysjphPfCq6Evk6tv4aB7M3mucxnBmGt', '1'),
(223, 'Maria Eduarda de jesus pereira', '$2y$10$yzjXK87gXNdx2t./vTiNPefLfS71VxARNFMufIowevTa5fResgvrG', '05229974141', 'eduarda.j@estudantes.ifg.edu.br', 'nHlYqd36Cjh9gBID8vKbWNTvJqChVbEMYTAKepvawa6y4M3vyw67XqD5ncSe', '1'),
(224, NULL, NULL, NULL, 'ms5309650@gmail.com', 'iOioxvoJQzhaYGpkgdrhqgTeOWUJjiEOc9e9vwRHPdUDZyYhNwCTTjq2FrhR', '0'),
(225, NULL, NULL, NULL, 'Joaopaulo6788955@gmail.com', 'yf9y6dQLxT1e8sYHiXYYaa9JiWPohMCMV0AD3pJfWHPSQoMO6W370J840hVt', '0'),
(226, 'João Paulo Neres da Silva', '$2y$10$YWRxmRIbcJqTrFDbUpGgIOMj/QJy5PK5UUCAQnBH600aPTODwhGE2', '05175845144', 'joao.neres@estudantes.ifg.edu.br', 'J0ioS1DAc2EVdnKGghOcMliRZIzkBP8sslNb654NRZ5vCEpbeiS677JlDYu7', '1'),
(227, 'Vitoria de Oliveira Cardoso', '$2y$10$n6Tuob3NJhsjM1XJEyzex.Boz8WnYBM5M/bpSrFaKVGkwlGwUEObW', '04985784109', 'vitoriaolivecar@gmail.com', '5k7HmhJAm0PxuuEfqi5uEdQQ7vcmdF5r3E0wKqWlQFVomPgpej6Ets7WKr6W', '1'),
(228, 'Anna Camilla Marques dos Santos', '$2y$10$7ur5MnCMxEHuKwwhRRwqKu0caw/hYsGAbAw1byvewTmP/oZEuvqfK', '70977371158', 'annacamillamarques@gmail.com', 'ElcL57WPaauM74k4K8vgMluNbL0AU5Dl8qdfKTE10Yl7fwJvK2DwtPdM3y6q', '1'),
(230, 'ADRIANA ESPINDULA FERNANDES', '$2y$10$C/1HvGcV.7PRSPhbbPogCeumdCK98obpIVi54zzclurJJHGaU4cSC', '05422641108', 'adriana123fsa@gmail.com', '3YA37qzVB0a2IdCEZSnba9gIEWea9lB1iqbxZvvYbPVBLfkDwUwEP5Kj4hcg', '1'),
(231, 'ANA CLARA SANTANA CRUZ', '$2y$10$AZunqX/6UILBoBzNvb1tDeVZp1sqRGV3h6qRz1FIVo/goukimXoO6', '08308002129', 'anaclarasantanacruz29@gmail.com', 'f9mVZd4enfB3UPoFcVlI4jZGAOTyqLq3zXWt1RgpCXl4D3fdUtyy6w9oA6Dz', '1'),
(232, 'Stéfany Montalvão Boa Sorte', '$2y$10$Vl.fDnnnq1ymgue4yySPdOFarjYHfFPYGJ0fQnD0WAT533kIEfAee', '03268869157', 'stefany.b@estudantes.ifg.edu.br', 'Ob1p2yEfhZo84N18ZSGrNiszN26zstEPajXcwJpMf3cw4J9XCHCqYiNv7v5g', '1'),
(233, 'Diego da Silva', '$2y$10$qQ02jJaEy4E3p/4xkjcXJeAixC5B1UMEYqtGiSS7Bg/lwyMKR89K2', '05915034179', 'silva.diego@academico.ifg.edu.br', '4bb7PsiqSss1KsgIGrWqaKbbnVSnepSOKAT3KnJqF5Cxw7L2PrShESrAM6ii', '1'),
(235, 'Isaque Miranda Gervasio', '$2y$10$TUtAvfCXg1ggOzAIqnFrH.Lj.PxZ1iKyCnisF3qrkEguT2VeespZ.', '08966859186', 'isaquemiranda467@gmail.com', 'zLoeFoxUhChAUHnoQY79NDyQOwTNqaxbWDbv3Acrfv84KKf0F0mvlnak7Qr0', '1'),
(236, 'Ryan Santos da Silva', '$2y$10$8mWlbAX1fs71Zy0yWWrnN.GTh/931hcRY6LtJo6djxeW7cTCi5Nda', '71383430195', 'Habitus2736@gmail.com', '6DeHSwjI4Lium5Wbgc8OIlW8SppzGZOhOE6Sac1nioVrjvsgOlRfpWj8hbxc', '1'),
(237, 'Júlio César Bispo Montalvão', '$2y$10$uBaRrXyZmBUFesoeDrSBm.vkAzcdle5yHotyb8cnqPVryZh0z08UW', '03246301158', 'juliomontalvao171@gmail.com', 'RmyDvkcQ7SF3SXYZRuRN6TjezXOfjaUmhMUGGLMDUPCTd87mGn5jIffcK8HY', '1'),
(238, 'Larissa Nunes Arrais', '$2y$10$U5Xkno2c2v0Nd1TZj8tPSOIo7f7eSW6VydE4Hivq1P/moqkWjUO4S', '09147290129', 'larissa.n@estudantes.ifg.edu.br', 'PqL4gM6orIV1tRLM4sVixVKTO31Cd1Lshj4PkNcv3e61qfSBfLi5fau5RZzU', '1'),
(239, NULL, NULL, NULL, 'marianarlvendas@gmail.con', '3WNGSwOWW0eWag4myedO7ROGR3GjuuUXg0C6TYsNjBSwESc8twyQn18uhX2K', '0'),
(240, 'MARIANA RODRIGUES LUCIANO', '$2y$10$juz6IG3G1PgDFNx0AI3Hxe6.q8hPMkfVxn5/bwescbOy6sqXMLFT.', '03851193130', 'marianarlvendas@gmail.com', '99ZPUxPhZpjs6qMMEccrwtDf7CZtz14PlxsEc2e46hEKvXOZLeurufGYtsWQ', '1'),
(241, 'Pedro Henrique de Araújo Paiva', '$2y$10$iuu5vLSNEfcNniTBzIhTQeFvOseNm2.r/QNtAxvzqorn9ik1IR17S', '03744253104', 'pedro.paiva@estudantes.ifg.edu.br', 'TRJzBLmfPC2BN5OU33sYkiwDiVsvAhRWJXUqQ5fiJWrQBolZ6BaRt4ONG7bg', '1'),
(242, NULL, NULL, NULL, 'lorrannyrose@gmail.com', 'RglHmqiXB3SCyIkpR6CHJpAKPat6K5Z8YmytPieK9xOhlZp9DPp460tavFFq', '0'),
(243, 'Sthéfanny Mémore do Carmo', '$2y$10$pPVJhCS.H4eDf0HERSxW8OSpHzsEXLOk5bJcmDBjARJ1xRKUbvvHW', '07073888130', 'sthefannymemore1999@gmail.com', 'TCQloreuW7eWiWuYieiMNHG88Z1NXHpEIjTqTVYjYNlN8dPDgeBKaKRZ1Whl', '1'),
(244, 'Jaqueline Antunes dos Santos', '$2y$10$noBOJitCbgEiJ7FhXUJdBeh.PiCnQVg/JY9RJiqGgUy3yl7ZXMh4m', '07343947133', 'jaqueantunessantos@gmail.com', '1HndlJPACvaMu1Q1NMQySp2f7ft7jn8bfcKfMS82RLQXkzWFaITFYIuC4xuw', '1'),
(245, NULL, NULL, NULL, 'geovannamartinsIFG@gmail.com', '4TOxOVpSoku8qGdaR7Bj0zCgyjf87nhuwOKpKBBvqojHsnbCg129Gs1uioUY', '0'),
(246, NULL, NULL, NULL, 'kauan.santana@estudantes.ifg.edu.br', 'IKYdLGyNjUifxwA1XEfNZ6ILDomJal3ZEQrRNxSC7TFuHF90ECRxP5jI2qM7', '0'),
(247, 'Andrei Albuquerque', '$2y$10$AutVwfHFwIeYmVPwYW8JauTroyji4SuyTX02L.Xk6Xd6sI.Di2ieS', '12340956617', 'andrei10albuquerque@gmail.com', 'NgCCxBBWKheIYNrATFhprAHbRAW0q9mDa314p1ep32zJ31oPkqA4nNiXa7yT', '1'),
(248, 'Leticia almeida gebrim', '$2y$10$nu3Ye.erFjRKvVzkRzUT5uwpItJXOVSrtwZcfQra4wodsf.SjpT72', '09203560106', 'leticiagebrim@gmail.com', 'JLVAHoTocLeN5IlsklNppHYUlHg0ZML2OXvUhqBTkt2UlhiiuAC3vPgzyjxQ', '1');

-- --------------------------------------------------------

--
-- Estrutura stand-in para view `vw_evento`
-- (Veja abaixo para a visão atual)
--
CREATE TABLE `vw_evento` (
`nome` varchar(255)
,`horas` int(11)
,`titulo` varchar(200)
);

-- --------------------------------------------------------

--
-- Estrutura stand-in para view `vw_eventos_usuario`
-- (Veja abaixo para a visão atual)
--
CREATE TABLE `vw_eventos_usuario` (
`nome` varchar(255)
,`descricao` varchar(1000)
,`horas` int(11)
);

-- --------------------------------------------------------

--
-- Estrutura stand-in para view `vw_evento_proponente`
-- (Veja abaixo para a visão atual)
--
CREATE TABLE `vw_evento_proponente` (
`id` int(11)
,`titulo` varchar(200)
,`descricao` varchar(1000)
,`dia` varchar(14)
,`horarioI` time
,`horarioF` time
,`vagas` int(11)
,`horas` int(11)
,`local` varchar(255)
,`url` varchar(255)
,`nome_tipo_evento` varchar(50)
);

-- --------------------------------------------------------

--
-- Estrutura stand-in para view `vw_horas_usuario`
-- (Veja abaixo para a visão atual)
--
CREATE TABLE `vw_horas_usuario` (
`nome_usuario` varchar(255)
,`total_horas` decimal(32,0)
);

-- --------------------------------------------------------

--
-- Estrutura stand-in para view `vw_nome`
-- (Veja abaixo para a visão atual)
--
CREATE TABLE `vw_nome` (
`nome` varchar(255)
);

-- --------------------------------------------------------

--
-- Estrutura para view `vw_evento`
--
DROP TABLE IF EXISTS `vw_evento`;

CREATE ALGORITHM=UNDEFINED DEFINER=`u294225326_secitecadm`@`127.0.0.1` SQL SECURITY DEFINER VIEW `vw_evento`  AS SELECT `tb_usuario`.`nome` AS `nome`, `tb_evento`.`horas` AS `horas`, `tb_evento`.`titulo` AS `titulo` FROM ((`tb_evento_usuario` left join `tb_usuario` on(`tb_evento_usuario`.`id_usuario` = `tb_usuario`.`id`)) left join `tb_evento` on(`tb_evento_usuario`.`id_evento` = `tb_evento`.`id`)) ;

-- --------------------------------------------------------

--
-- Estrutura para view `vw_eventos_usuario`
--
DROP TABLE IF EXISTS `vw_eventos_usuario`;

CREATE ALGORITHM=UNDEFINED DEFINER=`u294225326_secitecadm`@`127.0.0.1` SQL SECURITY DEFINER VIEW `vw_eventos_usuario`  AS SELECT `tb_usuario`.`nome` AS `nome`, `tb_evento`.`descricao` AS `descricao`, `tb_evento`.`horas` AS `horas` FROM ((`tb_evento_usuario` join `tb_usuario` on(`tb_usuario`.`id` = `tb_evento_usuario`.`id_usuario`)) join `tb_evento` on(`tb_evento`.`id` = `tb_evento_usuario`.`id_evento`)) WHERE `tb_evento_usuario`.`status` = 1 ;

-- --------------------------------------------------------

--
-- Estrutura para view `vw_evento_proponente`
--
DROP TABLE IF EXISTS `vw_evento_proponente`;

CREATE ALGORITHM=UNDEFINED DEFINER=`u294225326_secitecadm`@`127.0.0.1` SQL SECURITY DEFINER VIEW `vw_evento_proponente`  AS SELECT `tb_evento`.`id` AS `id`, `tb_evento`.`titulo` AS `titulo`, `tb_evento`.`descricao` AS `descricao`, `tb_evento`.`dia` AS `dia`, `tb_evento`.`horarioI` AS `horarioI`, `tb_evento`.`horarioF` AS `horarioF`, `tb_evento`.`vagas` AS `vagas`, `tb_evento`.`horas` AS `horas`, `tb_evento`.`local` AS `local`, `tb_evento`.`url` AS `url`, `tb_tipo_evento`.`nome` AS `nome_tipo_evento` FROM (`tb_evento` join `tb_tipo_evento` on(`tb_evento`.`id_tipo_evento` = `tb_tipo_evento`.`id`)) ;

-- --------------------------------------------------------

--
-- Estrutura para view `vw_horas_usuario`
--
DROP TABLE IF EXISTS `vw_horas_usuario`;

CREATE ALGORITHM=UNDEFINED DEFINER=`u294225326_secitecadm`@`127.0.0.1` SQL SECURITY DEFINER VIEW `vw_horas_usuario`  AS SELECT `tb_usuario`.`nome` AS `nome_usuario`, sum(`tb_evento`.`horas`) AS `total_horas` FROM ((`tb_usuario` join `tb_evento_usuario` on(`tb_usuario`.`id` = `tb_evento_usuario`.`id_usuario`)) join `tb_evento` on(`tb_evento_usuario`.`id_evento` = `tb_evento`.`id`)) WHERE `tb_evento_usuario`.`status` = 1 GROUP BY `tb_usuario`.`id` ;

-- --------------------------------------------------------

--
-- Estrutura para view `vw_nome`
--
DROP TABLE IF EXISTS `vw_nome`;

CREATE ALGORITHM=UNDEFINED DEFINER=`u294225326_secitecadm`@`127.0.0.1` SQL SECURITY DEFINER VIEW `vw_nome`  AS SELECT DISTINCT `tb_usuario`.`nome` AS `nome` FROM ((`tb_evento_usuario` left join `tb_usuario` on(`tb_evento_usuario`.`id_usuario` = `tb_usuario`.`id`)) left join `tb_evento` on(`tb_evento_usuario`.`id_evento` = `tb_evento`.`id`)) ;

--
-- Índices para tabelas despejadas
--

--
-- Índices de tabela `log_tb_evento_usuario`
--
ALTER TABLE `log_tb_evento_usuario`
  ADD PRIMARY KEY (`id`);

--
-- Índices de tabela `tb_evento`
--
ALTER TABLE `tb_evento`
  ADD PRIMARY KEY (`id`),
  ADD KEY `id_tipo_evento` (`id_tipo_evento`);

--
-- Índices de tabela `tb_evento_usuario`
--
ALTER TABLE `tb_evento_usuario`
  ADD PRIMARY KEY (`id`),
  ADD KEY `id_usuario` (`id_usuario`),
  ADD KEY `id_evento` (`id_evento`);

--
-- Índices de tabela `tb_proponente`
--
ALTER TABLE `tb_proponente`
  ADD PRIMARY KEY (`id`);

--
-- Índices de tabela `tb_proponente_evento`
--
ALTER TABLE `tb_proponente_evento`
  ADD PRIMARY KEY (`id`),
  ADD KEY `id_proponente` (`id_proponente`),
  ADD KEY `id_evento` (`id_evento`);

--
-- Índices de tabela `tb_redes_proponente`
--
ALTER TABLE `tb_redes_proponente`
  ADD PRIMARY KEY (`id_proponente`);

--
-- Índices de tabela `tb_tipo_evento`
--
ALTER TABLE `tb_tipo_evento`
  ADD PRIMARY KEY (`id`);

--
-- Índices de tabela `tb_usuario`
--
ALTER TABLE `tb_usuario`
  ADD PRIMARY KEY (`id`);

--
-- AUTO_INCREMENT para tabelas despejadas
--

--
-- AUTO_INCREMENT de tabela `log_tb_evento_usuario`
--
ALTER TABLE `log_tb_evento_usuario`
  MODIFY `id` int(11) NOT NULL AUTO_INCREMENT, AUTO_INCREMENT=951;

--
-- AUTO_INCREMENT de tabela `tb_evento`
--
ALTER TABLE `tb_evento`
  MODIFY `id` int(11) NOT NULL AUTO_INCREMENT, AUTO_INCREMENT=82;

--
-- AUTO_INCREMENT de tabela `tb_evento_usuario`
--
ALTER TABLE `tb_evento_usuario`
  MODIFY `id` int(11) NOT NULL AUTO_INCREMENT, AUTO_INCREMENT=847;

--
-- AUTO_INCREMENT de tabela `tb_proponente`
--
ALTER TABLE `tb_proponente`
  MODIFY `id` int(11) NOT NULL AUTO_INCREMENT, AUTO_INCREMENT=90;

--
-- AUTO_INCREMENT de tabela `tb_proponente_evento`
--
ALTER TABLE `tb_proponente_evento`
  MODIFY `id` int(11) NOT NULL AUTO_INCREMENT, AUTO_INCREMENT=230;

--
-- AUTO_INCREMENT de tabela `tb_tipo_evento`
--
ALTER TABLE `tb_tipo_evento`
  MODIFY `id` int(11) NOT NULL AUTO_INCREMENT, AUTO_INCREMENT=9;

--
-- AUTO_INCREMENT de tabela `tb_usuario`
--
ALTER TABLE `tb_usuario`
  MODIFY `id` int(11) NOT NULL AUTO_INCREMENT, AUTO_INCREMENT=249;

--
-- Restrições para tabelas despejadas
--

--
-- Restrições para tabelas `tb_evento`
--
ALTER TABLE `tb_evento`
  ADD CONSTRAINT `tb_evento_ibfk_1` FOREIGN KEY (`id_tipo_evento`) REFERENCES `tb_tipo_evento` (`id`);

--
-- Restrições para tabelas `tb_evento_usuario`
--
ALTER TABLE `tb_evento_usuario`
  ADD CONSTRAINT `tb_evento_usuario_ibfk_1` FOREIGN KEY (`id_usuario`) REFERENCES `tb_usuario` (`id`),
  ADD CONSTRAINT `tb_evento_usuario_ibfk_2` FOREIGN KEY (`id_evento`) REFERENCES `tb_evento` (`id`);

--
-- Restrições para tabelas `tb_proponente_evento`
--
ALTER TABLE `tb_proponente_evento`
  ADD CONSTRAINT `tb_proponente_evento_ibfk_1` FOREIGN KEY (`id_proponente`) REFERENCES `tb_proponente` (`id`) ON DELETE CASCADE,
  ADD CONSTRAINT `tb_proponente_evento_ibfk_2` FOREIGN KEY (`id_evento`) REFERENCES `tb_evento` (`id`) ON DELETE CASCADE;

--
-- Restrições para tabelas `tb_redes_proponente`
--
ALTER TABLE `tb_redes_proponente`
  ADD CONSTRAINT `tb_redes_proponente_ibfk_1` FOREIGN KEY (`id_proponente`) REFERENCES `tb_proponente` (`id`) ON DELETE CASCADE;
COMMIT;

/*!40101 SET CHARACTER_SET_CLIENT=@OLD_CHARACTER_SET_CLIENT */;
/*!40101 SET CHARACTER_SET_RESULTS=@OLD_CHARACTER_SET_RESULTS */;
/*!40101 SET COLLATION_CONNECTION=@OLD_COLLATION_CONNECTION */;
